# Timestamp,Type of mobile,MMSI,Latitude,Longitude,Navigational status,ROT,SOG,COG,Heading,IMO,Callsign,Name,Ship type,Cargo type,Width,Length,Type of position fixing device,Draught,Destination,ETA,Data source type,A,B,C,D
25/08/2026 10:30:00,Class A,999100001,54.575000,11.280000,Under way using engine,0.0,12.4,68.0,68,Unknown,S0001,SYNTH ALPHA,Cargo,Undefined,28,180,GPS,,SYNTHETIC,,AIS,129.6,50.4,14.0,14.0
25/08/2026 10:30:00,Class A,999100002,54.598000,11.345000,Under way using engine,0.0,11.1,247.0,247,Unknown,S0002,SYNTH BRAVO,Tanker,Undefined,32,228,GPS,,SYNTHETIC,,AIS,164.2,63.8,16.0,16.0
25/08/2026 10:30:00,Class A,999100003,54.566000,11.312000,Under way using engine,0.0,9.8,71.0,71,Unknown,S0003,SYNTH CHARLIE,Cargo,Undefined,16,96,GPS,,SYNTHETIC,,AIS,69.1,26.9,8.0,8.0
25/08/2026 10:30:00,Class A,999100004,54.605000,11.295000,Under way using engine,0.0,16.2,195.0,195,Unknown,S0004,SYNTH DELTA,Passenger,Undefined,24,142,GPS,,SYNTHETIC,,AIS,102.2,39.8,12.0,12.0
25/08/2026 10:30:00,Class A,999100005,54.588000,11.360000,Under way using engine,0.0,6.4,310.0,310,Unknown,S0005,SYNTH ECHO,Fishing,Undefined,7,26,GPS,,SYNTHETIC,,AIS,18.7,7.3,3.5,3.5
25/08/2026 10:30:00,Class A,999100006,54.580500,11.321000,At anchor,0.0,0.4,90.0,90,Unknown,S0006,SYNTH FOXTROT,Tug,Undefined,11,34,GPS,,SYNTHETIC,,AIS,24.5,9.5,5.5,5.5
25/08/2026 10:30:00,Class A,999100007,54.592000,11.270000,Under way using engine,0.0,13.7,64.0,64,Unknown,S0007,SYNTH GOLF,Tanker,Undefined,42,245,GPS,,SYNTHETIC,,AIS,176.4,68.6,21.0,21.0
25/08/2026 10:30:00,Class A,999100008,54.584000,11.330000,Under way using engine,0.0,3.1,150.0,150,Unknown,S0008,SYNTH HOTEL,Fishing,Undefined,6,22,GPS,,SYNTHETIC,,AIS,15.8,6.2,3.0,3.0
25/08/2026 10:30:00,Class A,999100009,54.615000,11.150000,Under way using engine,0.0,10.5,88.0,88,Unknown,S0009,SYNTH INDIA,Cargo,Undefined,23,155,GPS,,SYNTHETIC,,AIS,111.6,43.4,11.5,11.5
25/08/2026 10:30:00,Class A,999100010,54.622000,11.530000,Under way using engine,0.0,12.8,268.0,268,Unknown,S0010,SYNTH JULIET,Tanker,Undefined,30,190,GPS,,SYNTHETIC,,AIS,136.8,53.2,15.0,15.0
25/08/2026 10:30:00,Class A,999100011,54.630000,11.175000,Under way using engine,0.0,4.2,15.0,15,Unknown,S0011,SYNTH KILO,Fishing,Undefined,6,19,GPS,,SYNTHETIC,,AIS,13.7,5.3,3.0,3.0
25/08/2026 10:30:00,Class A,999100012,54.618000,11.500000,Under way using engine,0.0,8.9,200.0,200,Unknown,S0012,SYNTH LIMA,Cargo,Undefined,18,110,GPS,,SYNTHETIC,,AIS,79.2,30.8,9.0,9.0
25/08/2026 10:30:00,Class A,999100013,54.635000,11.210000,Under way using engine,0.0,5.5,340.0,340,Unknown,S0013,SYNTH MIKE,Tug,Undefined,10,30,GPS,,SYNTHETIC,,AIS,21.6,8.4,5.0,5.0
25/08/2026 10:30:00,Class A,999100014,54.490000,11.305000,Under way using engine,0.0,17.4,182.0,182,Unknown,S0014,SYNTH NOVEMBER,Passenger,Undefined,26,165,GPS,,SYNTHETIC,,AIS,118.8,46.2,13.0,13.0
25/08/2026 10:30:00,Class A,999100015,54.475000,11.380000,Under way using engine,0.0,11.9,250.0,250,Unknown,S0015,SYNTH OSCAR,Cargo,Undefined,31,205,GPS,,SYNTHETIC,,AIS,147.6,57.4,15.5,15.5
25/08/2026 10:30:00,Class A,999100016,54.482000,11.240000,Under way using engine,0.0,10.2,70.0,70,Unknown,S0016,SYNTH PAPA,Tanker,Undefined,27,175,GPS,,SYNTHETIC,,AIS,126.0,49.0,13.5,13.5
25/08/2026 10:30:10,Class A,999100001,54.575215,11.280917,Under way using engine,0.0,12.4,68.0,68,Unknown,S0001,SYNTH ALPHA,Cargo,Undefined,28,180,GPS,,SYNTHETIC,,AIS,129.6,50.4,14.0,14.0
25/08/2026 10:30:10,Class A,999100002,54.597800,11.344185,Under way using engine,0.0,11.1,247.0,247,Unknown,S0002,SYNTH BRAVO,Tanker,Undefined,32,228,GPS,,SYNTHETIC,,AIS,164.2,63.8,16.0,16.0
25/08/2026 10:30:10,Class A,999100003,54.566147,11.312739,Under way using engine,0.0,9.8,71.0,71,Unknown,S0003,SYNTH CHARLIE,Cargo,Undefined,16,96,GPS,,SYNTHETIC,,AIS,69.1,26.9,8.0,8.0
25/08/2026 10:30:10,Class A,999100004,54.604277,11.294665,Under way using engine,0.0,16.2,195.0,195,Unknown,S0004,SYNTH DELTA,Passenger,Undefined,24,142,GPS,,SYNTHETIC,,AIS,102.2,39.8,12.0,12.0
25/08/2026 10:30:10,Class A,999100005,54.588190,11.359609,Under way using engine,0.0,6.4,310.0,310,Unknown,S0005,SYNTH ECHO,Fishing,Undefined,7,26,GPS,,SYNTHETIC,,AIS,18.7,7.3,3.5,3.5
25/08/2026 10:30:10,Class A,999100006,54.580500,11.321032,At anchor,0.0,0.4,90.0,90,Unknown,S0006,SYNTH FOXTROT,Tug,Undefined,11,34,GPS,,SYNTHETIC,,AIS,24.5,9.5,5.5,5.5
25/08/2026 10:30:10,Class A,999100007,54.592278,11.270982,Under way using engine,0.0,13.7,64.0,64,Unknown,S0007,SYNTH GOLF,Tanker,Undefined,42,245,GPS,,SYNTHETIC,,AIS,176.4,68.6,21.0,21.0
25/08/2026 10:30:10,Class A,999100008,54.583876,11.330124,Under way using engine,0.0,3.1,150.0,150,Unknown,S0008,SYNTH HOTEL,Fishing,Undefined,6,22,GPS,,SYNTHETIC,,AIS,15.8,6.2,3.0,3.0
25/08/2026 10:30:10,Class A,999100009,54.615017,11.150837,Under way using engine,0.0,10.5,88.0,88,Unknown,S0009,SYNTH INDIA,Cargo,Undefined,23,155,GPS,,SYNTHETIC,,AIS,111.6,43.4,11.5,11.5
25/08/2026 10:30:10,Class A,999100010,54.621979,11.528979,Under way using engine,0.0,12.8,268.0,268,Unknown,S0010,SYNTH JULIET,Tanker,Undefined,30,190,GPS,,SYNTHETIC,,AIS,136.8,53.2,15.0,15.0
25/08/2026 10:30:10,Class A,999100011,54.630187,11.175087,Under way using engine,0.0,4.2,15.0,15,Unknown,S0011,SYNTH KILO,Fishing,Undefined,6,19,GPS,,SYNTHETIC,,AIS,13.7,5.3,3.0,3.0
25/08/2026 10:30:10,Class A,999100012,54.617614,11.499757,Under way using engine,0.0,8.9,200.0,200,Unknown,S0012,SYNTH LIMA,Cargo,Undefined,18,110,GPS,,SYNTHETIC,,AIS,79.2,30.8,9.0,9.0
25/08/2026 10:30:10,Class A,999100013,54.635239,11.209850,Under way using engine,0.0,5.5,340.0,340,Unknown,S0013,SYNTH MIKE,Tug,Undefined,10,30,GPS,,SYNTHETIC,,AIS,21.6,8.4,5.0,5.0
25/08/2026 10:30:10,Class A,999100014,54.489196,11.304952,Under way using engine,0.0,17.4,182.0,182,Unknown,S0014,SYNTH NOVEMBER,Passenger,Undefined,26,165,GPS,,SYNTHETIC,,AIS,118.8,46.2,13.0,13.0
25/08/2026 10:30:10,Class A,999100015,54.474812,11.379111,Under way using engine,0.0,11.9,250.0,250,Unknown,S0015,SYNTH OSCAR,Cargo,Undefined,31,205,GPS,,SYNTHETIC,,AIS,147.6,57.4,15.5,15.5
25/08/2026 10:30:10,Class A,999100016,54.482161,11.240762,Under way using engine,0.0,10.2,70.0,70,Unknown,S0016,SYNTH PAPA,Tanker,Undefined,27,175,GPS,,SYNTHETIC,,AIS,126.0,49.0,13.5,13.5
25/08/2026 10:30:20,Class A,999100001,54.575429,11.281833,Under way using engine,0.0,12.4,68.0,68,Unknown,S0001,SYNTH ALPHA,Cargo,Undefined,28,180,GPS,,SYNTHETIC,,AIS,129.6,50.4,14.0,14.0
25/08/2026 10:30:20,Class A,999100002,54.597599,11.343370,Under way using engine,0.0,11.1,247.0,247,Unknown,S0002,SYNTH BRAVO,Tanker,Undefined,32,228,GPS,,SYNTHETIC,,AIS,164.2,63.8,16.0,16.0
25/08/2026 10:30:20,Class A,999100003,54.566295,11.313477,Under way using engine,0.0,9.8,71.0,71,Unknown,S0003,SYNTH CHARLIE,Cargo,Undefined,16,96,GPS,,SYNTHETIC,,AIS,69.1,26.9,8.0,8.0
25/08/2026 10:30:20,Class A,999100004,54.603554,11.294331,Under way using engine,0.0,16.2,195.0,195,Unknown,S0004,SYNTH DELTA,Passenger,Undefined,24,142,GPS,,SYNTHETIC,,AIS,102.2,39.8,12.0,12.0
25/08/2026 10:30:20,Class A,999100005,54.588380,11.359218,Under way using engine,0.0,6.4,310.0,310,Unknown,S0005,SYNTH ECHO,Fishing,Undefined,7,26,GPS,,SYNTHETIC,,AIS,18.7,7.3,3.5,3.5
25/08/2026 10:30:20,Class A,999100006,54.580500,11.321064,At anchor,0.0,0.4,90.0,90,Unknown,S0006,SYNTH FOXTROT,Tug,Undefined,11,34,GPS,,SYNTHETIC,,AIS,24.5,9.5,5.5,5.5
25/08/2026 10:30:20,Class A,999100007,54.592555,11.271964,Under way using engine,0.0,13.7,64.0,64,Unknown,S0007,SYNTH GOLF,Tanker,Undefined,42,245,GPS,,SYNTHETIC,,AIS,176.4,68.6,21.0,21.0
25/08/2026 10:30:20,Class A,999100008,54.583752,11.330247,Under way using engine,0.0,3.1,150.0,150,Unknown,S0008,SYNTH HOTEL,Fishing,Undefined,6,22,GPS,,SYNTHETIC,,AIS,15.8,6.2,3.0,3.0
25/08/2026 10:30:20,Class A,999100009,54.615034,11.151675,Under way using engine,0.0,10.5,88.0,88,Unknown,S0009,SYNTH INDIA,Cargo,Undefined,23,155,GPS,,SYNTHETIC,,AIS,111.6,43.4,11.5,11.5
25/08/2026 10:30:20,Class A,999100010,54.621959,11.527958,Under way using engine,0.0,12.8,268.0,268,Unknown,S0010,SYNTH JULIET,Tanker,Undefined,30,190,GPS,,SYNTHETIC,,AIS,136.8,53.2,15.0,15.0
25/08/2026 10:30:20,Class A,999100011,54.630375,11.175174,Under way using engine,0.0,4.2,15.0,15,Unknown,S0011,SYNTH KILO,Fishing,Undefined,6,19,GPS,,SYNTHETIC,,AIS,13.7,5.3,3.0,3.0
25/08/2026 10:30:20,Class A,999100012,54.617227,11.499514,Under way using engine,0.0,8.9,200.0,200,Unknown,S0012,SYNTH LIMA,Cargo,Undefined,18,110,GPS,,SYNTHETIC,,AIS,79.2,30.8,9.0,9.0
25/08/2026 10:30:20,Class A,999100013,54.635478,11.209700,Under way using engine,0.0,5.5,340.0,340,Unknown,S0013,SYNTH MIKE,Tug,Undefined,10,30,GPS,,SYNTHETIC,,AIS,21.6,8.4,5.0,5.0
25/08/2026 10:30:20,Class A,999100014,54.488393,11.304903,Under way using engine,0.0,17.4,182.0,182,Unknown,S0014,SYNTH NOVEMBER,Passenger,Undefined,26,165,GPS,,SYNTHETIC,,AIS,118.8,46.2,13.0,13.0
25/08/2026 10:30:20,Class A,999100015,54.474624,11.378221,Under way using engine,0.0,11.9,250.0,250,Unknown,S0015,SYNTH OSCAR,Cargo,Undefined,31,205,GPS,,SYNTHETIC,,AIS,147.6,57.4,15.5,15.5
25/08/2026 10:30:20,Class A,999100016,54.482322,11.241525,Under way using engine,0.0,10.2,70.0,70,Unknown,S0016,SYNTH PAPA,Tanker,Undefined,27,175,GPS,,SYNTHETIC,,AIS,126.0,49.0,13.5,13.5
25/08/2026 10:30:30,Class A,999100001,54.575644,11.282750,Under way using engine,0.0,12.4,68.0,68,Unknown,S0001,SYNTH ALPHA,Cargo,Undefined,28,180,GPS,,SYNTHETIC,,AIS,129.6,50.4,14.0,14.0
25/08/2026 10:30:30,Class A,999100002,54.597399,11.342555,Under way using engine,0.0,11.1,247.0,247,Unknown,S0002,SYNTH BRAVO,Tanker,Undefined,32,228,GPS,,SYNTHETIC,,AIS,164.2,63.8,16.0,16.0
25/08/2026 10:30:30,Class A,999100003,54.566442,11.314216,Under way using engine,0.0,9.8,71.0,71,Unknown,S0003,SYNTH CHARLIE,Cargo,Undefined,16,96,GPS,,SYNTHETIC,,AIS,69.1,26.9,8.0,8.0
25/08/2026 10:30:30,Class A,999100004,54.602831,11.293996,Under way using engine,0.0,16.2,195.0,195,Unknown,S0004,SYNTH DELTA,Passenger,Undefined,24,142,GPS,,SYNTHETIC,,AIS,102.2,39.8,12.0,12.0
25/08/2026 10:30:30,Class A,999100005,54.588570,11.358827,Under way using engine,0.0,6.4,310.0,310,Unknown,S0005,SYNTH ECHO,Fishing,Undefined,7,26,GPS,,SYNTHETIC,,AIS,18.7,7.3,3.5,3.5
25/08/2026 10:30:30,Class A,999100006,54.580500,11.321096,At anchor,0.0,0.4,90.0,90,Unknown,S0006,SYNTH FOXTROT,Tug,Undefined,11,34,GPS,,SYNTHETIC,,AIS,24.5,9.5,5.5,5.5
25/08/2026 10:30:30,Class A,999100007,54.592833,11.272946,Under way using engine,0.0,13.7,64.0,64,Unknown,S0007,SYNTH GOLF,Tanker,Undefined,42,245,GPS,,SYNTHETIC,,AIS,176.4,68.6,21.0,21.0
25/08/2026 10:30:30,Class A,999100008,54.583628,11.330371,Under way using engine,0.0,3.1,150.0,150,Unknown,S0008,SYNTH HOTEL,Fishing,Undefined,6,22,GPS,,SYNTHETIC,,AIS,15.8,6.2,3.0,3.0
25/08/2026 10:30:30,Class A,999100009,54.615051,11.152512,Under way using engine,0.0,10.5,88.0,88,Unknown,S0009,SYNTH INDIA,Cargo,Undefined,23,155,GPS,,SYNTHETIC,,AIS,111.6,43.4,11.5,11.5
25/08/2026 10:30:30,Class A,999100010,54.621938,11.526937,Under way using engine,0.0,12.8,268.0,268,Unknown,S0010,SYNTH JULIET,Tanker,Undefined,30,190,GPS,,SYNTHETIC,,AIS,136.8,53.2,15.0,15.0
25/08/2026 10:30:30,Class A,999100011,54.630562,11.175260,Under way using engine,0.0,4.2,15.0,15,Unknown,S0011,SYNTH KILO,Fishing,Undefined,6,19,GPS,,SYNTHETIC,,AIS,13.7,5.3,3.0,3.0
25/08/2026 10:30:30,Class A,999100012,54.616841,11.499271,Under way using engine,0.0,8.9,200.0,200,Unknown,S0012,SYNTH LIMA,Cargo,Undefined,18,110,GPS,,SYNTHETIC,,AIS,79.2,30.8,9.0,9.0
25/08/2026 10:30:30,Class A,999100013,54.635717,11.209549,Under way using engine,0.0,5.5,340.0,340,Unknown,S0013,SYNTH MIKE,Tug,Undefined,10,30,GPS,,SYNTHETIC,,AIS,21.6,8.4,5.0,5.0
25/08/2026 10:30:30,Class A,999100014,54.487589,11.304855,Under way using engine,0.0,17.4,182.0,182,Unknown,S0014,SYNTH NOVEMBER,Passenger,Undefined,26,165,GPS,,SYNTHETIC,,AIS,118.8,46.2,13.0,13.0
25/08/2026 10:30:30,Class A,999100015,54.474436,11.377332,Under way using engine,0.0,11.9,250.0,250,Unknown,S0015,SYNTH OSCAR,Cargo,Undefined,31,205,GPS,,SYNTHETIC,,AIS,147.6,57.4,15.5,15.5
25/08/2026 10:30:30,Class A,999100016,54.482484,11.242287,Under way using engine,0.0,10.2,70.0,70,Unknown,S0016,SYNTH PAPA,Tanker,Undefined,27,175,GPS,,SYNTHETIC,,AIS,126.0,49.0,13.5,13.5
25/08/2026 10:30:40,Class A,999100001,54.575859,11.283667,Under way using engine,0.0,12.4,68.0,68,Unknown,S0001,SYNTH ALPHA,Cargo,Undefined,28,180,GPS,,SYNTHETIC,,AIS,129.6,50.4,14.0,14.0
25/08/2026 10:30:40,Class A,999100002,54.597198,11.341740,Under way using engine,0.0,11.1,247.0,247,Unknown,S0002,SYNTH BRAVO,Tanker,Undefined,32,228,GPS,,SYNTHETIC,,AIS,164.2,63.8,16.0,16.0
25/08/2026 10:30:40,Class A,999100003,54.566590,11.314954,Under way using engine,0.0,9.8,71.0,71,Unknown,S0003,SYNTH CHARLIE,Cargo,Undefined,16,96,GPS,,SYNTHETIC,,AIS,69.1,26.9,8.0,8.0
25/08/2026 10:30:40,Class A,999100004,54.602107,11.293662,Under way using engine,0.0,16.2,195.0,195,Unknown,S0004,SYNTH DELTA,Passenger,Undefined,24,142,GPS,,SYNTHETIC,,AIS,102.2,39.8,12.0,12.0
25/08/2026 10:30:40,Class A,999100005,54.588760,11.358436,Under way using engine,0.0,6.4,310.0,310,Unknown,S0005,SYNTH ECHO,Fishing,Undefined,7,26,GPS,,SYNTHETIC,,AIS,18.7,7.3,3.5,3.5
25/08/2026 10:30:40,Class A,999100006,54.580500,11.321128,At anchor,0.0,0.4,90.0,90,Unknown,S0006,SYNTH FOXTROT,Tug,Undefined,11,34,GPS,,SYNTHETIC,,AIS,24.5,9.5,5.5,5.5
25/08/2026 10:30:40,Class A,999100007,54.593110,11.273929,Under way using engine,0.0,13.7,64.0,64,Unknown,S0007,SYNTH GOLF,Tanker,Undefined,42,245,GPS,,SYNTHETIC,,AIS,176.4,68.6,21.0,21.0
25/08/2026 10:30:40,Class A,999100008,54.583504,11.330494,Under way using engine,0.0,3.1,150.0,150,Unknown,S0008,SYNTH HOTEL,Fishing,Undefined,6,22,GPS,,SYNTHETIC,,AIS,15.8,6.2,3.0,3.0
25/08/2026 10:30:40,Class A,999100009,54.615068,11.153350,Under way using engine,0.0,10.5,88.0,88,Unknown,S0009,SYNTH INDIA,Cargo,Undefined,23,155,GPS,,SYNTHETIC,,AIS,111.6,43.4,11.5,11.5
25/08/2026 10:30:40,Class A,999100010,54.621917,11.525916,Under way using engine,0.0,12.8,268.0,268,Unknown,S0010,SYNTH JULIET,Tanker,Undefined,30,190,GPS,,SYNTHETIC,,AIS,136.8,53.2,15.0,15.0
25/08/2026 10:30:40,Class A,999100011,54.630750,11.175347,Under way using engine,0.0,4.2,15.0,15,Unknown,S0011,SYNTH KILO,Fishing,Undefined,6,19,GPS,,SYNTHETIC,,AIS,13.7,5.3,3.0,3.0
25/08/2026 10:30:40,Class A,999100012,54.616454,11.499028,Under way using engine,0.0,8.9,200.0,200,Unknown,S0012,SYNTH LIMA,Cargo,Undefined,18,110,GPS,,SYNTHETIC,,AIS,79.2,30.8,9.0,9.0
25/08/2026 10:30:40,Class A,999100013,54.635955,11.209399,Under way using engine,0.0,5.5,340.0,340,Unknown,S0013,SYNTH MIKE,Tug,Undefined,10,30,GPS,,SYNTHETIC,,AIS,21.6,8.4,5.0,5.0
25/08/2026 10:30:40,Class A,999100014,54.486786,11.304807,Under way using engine,0.0,17.4,182.0,182,Unknown,S0014,SYNTH NOVEMBER,Passenger,Undefined,26,165,GPS,,SYNTHETIC,,AIS,118.8,46.2,13.0,13.0
25/08/2026 10:30:40,Class A,999100015,54.474248,11.376443,Under way using engine,0.0,11.9,250.0,250,Unknown,S0015,SYNTH OSCAR,Cargo,Undefined,31,205,GPS,,SYNTHETIC,,AIS,147.6,57.4,15.5,15.5
25/08/2026 10:30:40,Class A,999100016,54.482645,11.243050,Under way using engine,0.0,10.2,70.0,70,Unknown,S0016,SYNTH PAPA,Tanker,Undefined,27,175,GPS,,SYNTHETIC,,AIS,126.0,49.0,13.5,13.5
25/08/2026 10:30:50,Class A,999100001,54.576073,11.284583,Under way using engine,0.0,12.4,68.0,68,Unknown,S0001,SYNTH ALPHA,Cargo,Undefined,28,180,GPS,,SYNTHETIC,,AIS,129.6,50.4,14.0,14.0
25/08/2026 10:30:50,Class A,999100002,54.596998,11.340925,Under way using engine,0.0,11.1,247.0,247,Unknown,S0002,SYNTH BRAVO,Tanker,Undefined,32,228,GPS,,SYNTHETIC,,AIS,164.2,63.8,16.0,16.0
25/08/2026 10:30:50,Class A,999100003,54.566737,11.315693,Under way using engine,0.0,9.8,71.0,71,Unknown,S0003,SYNTH CHARLIE,Cargo,Undefined,16,96,GPS,,SYNTHETIC,,AIS,69.1,26.9,8.0,8.0
25/08/2026 10:30:50,Class A,999100004,54.601384,11.293327,Under way using engine,0.0,16.2,195.0,195,Unknown,S0004,SYNTH DELTA,Passenger,Undefined,24,142,GPS,,SYNTHETIC,,AIS,102.2,39.8,12.0,12.0
25/08/2026 10:30:50,Class A,999100005,54.588951,11.358045,Under way using engine,0.0,6.4,310.0,310,Unknown,S0005,SYNTH ECHO,Fishing,Undefined,7,26,GPS,,SYNTHETIC,,AIS,18.7,7.3,3.5,3.5
25/08/2026 10:30:50,Class A,999100006,54.580500,11.321159,At anchor,0.0,0.4,90.0,90,Unknown,S0006,SYNTH FOXTROT,Tug,Undefined,11,34,GPS,,SYNTHETIC,,AIS,24.5,9.5,5.5,5.5
25/08/2026 10:30:50,Class A,999100007,54.593388,11.274911,Under way using engine,0.0,13.7,64.0,64,Unknown,S0007,SYNTH GOLF,Tanker,Undefined,42,245,GPS,,SYNTHETIC,,AIS,176.4,68.6,21.0,21.0
25/08/2026 10:30:50,Class A,999100008,54.583380,11.330618,Under way using engine,0.0,3.1,150.0,150,Unknown,S0008,SYNTH HOTEL,Fishing,Undefined,6,22,GPS,,SYNTHETIC,,AIS,15.8,6.2,3.0,3.0
25/08/2026 10:30:50,Class A,999100009,54.615085,11.154187,Under way using engine,0.0,10.5,88.0,88,Unknown,S0009,SYNTH INDIA,Cargo,Undefined,23,155,GPS,,SYNTHETIC,,AIS,111.6,43.4,11.5,11.5
25/08/2026 10:30:50,Class A,999100010,54.621897,11.524895,Under way using engine,0.0,12.8,268.0,268,Unknown,S0010,SYNTH JULIET,Tanker,Undefined,30,190,GPS,,SYNTHETIC,,AIS,136.8,53.2,15.0,15.0
25/08/2026 10:30:50,Class A,999100011,54.630937,11.175434,Under way using engine,0.0,4.2,15.0,15,Unknown,S0011,SYNTH KILO,Fishing,Undefined,6,19,GPS,,SYNTHETIC,,AIS,13.7,5.3,3.0,3.0
25/08/2026 10:30:50,Class A,999100012,54.616068,11.498785,Under way using engine,0.0,8.9,200.0,200,Unknown,S0012,SYNTH LIMA,Cargo,Undefined,18,110,GPS,,SYNTHETIC,,AIS,79.2,30.8,9.0,9.0
25/08/2026 10:30:50,Class A,999100013,54.636194,11.209249,Under way using engine,0.0,5.5,340.0,340,Unknown,S0013,SYNTH MIKE,Tug,Undefined,10,30,GPS,,SYNTHETIC,,AIS,21.6,8.4,5.0,5.0
25/08/2026 10:30:50,Class A,999100014,54.485982,11.304758,Under way using engine,0.0,17.4,182.0,182,Unknown,S0014,SYNTH NOVEMBER,Passenger,Undefined,26,165,GPS,,SYNTHETIC,,AIS,118.8,46.2,13.0,13.0
25/08/2026 10:30:50,Class A,999100015,54.474060,11.375553,Under way using engine,0.0,11.9,250.0,250,Unknown,S0015,SYNTH OSCAR,Cargo,Undefined,31,205,GPS,,SYNTHETIC,,AIS,147.6,57.4,15.5,15.5
25/08/2026 10:30:50,Class A,999100016,54.482806,11.243812,Under way using engine,0.0,10.2,70.0,70,Unknown,S0016,SYNTH PAPA,Tanker,Undefined,27,175,GPS,,SYNTHETIC,,AIS,126.0,49.0,13.5,13.5
25/08/2026 10:31:00,Class A,999100001,54.576288,11.285500,Under way using engine,0.0,12.4,68.0,68,Unknown,S0001,SYNTH ALPHA,Cargo,Undefined,28,180,GPS,,SYNTHETIC,,AIS,129.6,50.4,14.0,14.0
25/08/2026 10:31:00,Class A,999100002,54.596797,11.340110,Under way using engine,0.0,11.1,247.0,247,Unknown,S0002,SYNTH BRAVO,Tanker,Undefined,32,228,GPS,,SYNTHETIC,,AIS,164.2,63.8,16.0,16.0
25/08/2026 10:31:00,Class A,999100003,54.566885,11.316432,Under way using engine,0.0,9.8,71.0,71,Unknown,S0003,SYNTH CHARLIE,Cargo,Undefined,16,96,GPS,,SYNTHETIC,,AIS,69.1,26.9,8.0,8.0
25/08/2026 10:31:00,Class A,999100004,54.600661,11.292993,Under way using engine,0.0,16.2,195.0,195,Unknown,S0004,SYNTH DELTA,Passenger,Undefined,24,142,GPS,,SYNTHETIC,,AIS,102.2,39.8,12.0,12.0
25/08/2026 10:31:00,Class A,999100005,54.589141,11.357654,Under way using engine,0.0,6.4,310.0,310,Unknown,S0005,SYNTH ECHO,Fishing,Undefined,7,26,GPS,,SYNTHETIC,,AIS,18.7,7.3,3.5,3.5
25/08/2026 10:31:00,Class A,999100006,54.580500,11.321191,At anchor,0.0,0.4,90.0,90,Unknown,S0006,SYNTH FOXTROT,Tug,Undefined,11,34,GPS,,SYNTHETIC,,AIS,24.5,9.5,5.5,5.5
25/08/2026 10:31:00,Class A,999100007,54.593665,11.275893,Under way using engine,0.0,13.7,64.0,64,Unknown,S0007,SYNTH GOLF,Tanker,Undefined,42,245,GPS,,SYNTHETIC,,AIS,176.4,68.6,21.0,21.0
25/08/2026 10:31:00,Class A,999100008,54.583256,11.330742,Under way using engine,0.0,3.1,150.0,150,Unknown,S0008,SYNTH HOTEL,Fishing,Undefined,6,22,GPS,,SYNTHETIC,,AIS,15.8,6.2,3.0,3.0
25/08/2026 10:31:00,Class A,999100009,54.615102,11.155025,Under way using engine,0.0,10.5,88.0,88,Unknown,S0009,SYNTH INDIA,Cargo,Undefined,23,155,GPS,,SYNTHETIC,,AIS,111.6,43.4,11.5,11.5
25/08/2026 10:31:00,Class A,999100010,54.621876,11.523874,Under way using engine,0.0,12.8,268.0,268,Unknown,S0010,SYNTH JULIET,Tanker,Undefined,30,190,GPS,,SYNTHETIC,,AIS,136.8,53.2,15.0,15.0
25/08/2026 10:31:00,Class A,999100011,54.631125,11.175521,Under way using engine,0.0,4.2,15.0,15,Unknown,S0011,SYNTH KILO,Fishing,Undefined,6,19,GPS,,SYNTHETIC,,AIS,13.7,5.3,3.0,3.0
25/08/2026 10:31:00,Class A,999100012,54.615681,11.498542,Under way using engine,0.0,8.9,200.0,200,Unknown,S0012,SYNTH LIMA,Cargo,Undefined,18,110,GPS,,SYNTHETIC,,AIS,79.2,30.8,9.0,9.0
25/08/2026 10:31:00,Class A,999100013,54.636433,11.209099,Under way using engine,0.0,5.5,340.0,340,Unknown,S0013,SYNTH MIKE,Tug,Undefined,10,30,GPS,,SYNTHETIC,,AIS,21.6,8.4,5.0,5.0
25/08/2026 10:31:00,Class A,999100014,54.485178,11.304710,Under way using engine,0.0,17.4,182.0,182,Unknown,S0014,SYNTH NOVEMBER,Passenger,Undefined,26,165,GPS,,SYNTHETIC,,AIS,118.8,46.2,13.0,13.0
25/08/2026 10:31:00,Class A,999100015,54.473871,11.374664,Under way using engine,0.0,11.9,250.0,250,Unknown,S0015,SYNTH OSCAR,Cargo,Undefined,31,205,GPS,,SYNTHETIC,,AIS,147.6,57.4,15.5,15.5
25/08/2026 10:31:00,Class A,999100016,54.482967,11.244575,Under way using engine,0.0,10.2,70.0,70,Unknown,S0016,SYNTH PAPA,Tanker,Undefined,27,175,GPS,,SYNTHETIC,,AIS,126.0,49.0,13.5,13.5
25/08/2026 10:31:10,Class A,999100001,54.576503,11.286417,Under way using engine,0.0,12.4,68.0,68,Unknown,S0001,SYNTH ALPHA,Cargo,Undefined,28,180,GPS,,SYNTHETIC,,AIS,129.6,50.4,14.0,14.0
25/08/2026 10:31:10,Class A,999100002,54.596597,11.339294,Under way using engine,0.0,11.1,247.0,247,Unknown,S0002,SYNTH BRAVO,Tanker,Undefined,32,228,GPS,,SYNTHETIC,,AIS,164.2,63.8,16.0,16.0
25/08/2026 10:31:10,Class A,999100003,54.567032,11.317170,Under way using engine,0.0,9.8,71.0,71,Unknown,S0003,SYNTH CHARLIE,Cargo,Undefined,16,96,GPS,,SYNTHETIC,,AIS,69.1,26.9,8.0,8.0
25/08/2026 10:31:10,Class A,999100004,54.599938,11.292658,Under way using engine,0.0,16.2,195.0,195,Unknown,S0004,SYNTH DELTA,Passenger,Undefined,24,142,GPS,,SYNTHETIC,,AIS,102.2,39.8,12.0,12.0
25/08/2026 10:31:10,Class A,999100005,54.589331,11.357263,Under way using engine,0.0,6.4,310.0,310,Unknown,S0005,SYNTH ECHO,Fishing,Undefined,7,26,GPS,,SYNTHETIC,,AIS,18.7,7.3,3.5,3.5
25/08/2026 10:31:10,Class A,999100006,54.580500,11.321223,At anchor,0.0,0.4,90.0,90,Unknown,S0006,SYNTH FOXTROT,Tug,Undefined,11,34,GPS,,SYNTHETIC,,AIS,24.5,9.5,5.5,5.5
25/08/2026 10:31:10,Class A,999100007,54.593943,11.276875,Under way using engine,0.0,13.7,64.0,64,Unknown,S0007,SYNTH GOLF,Tanker,Undefined,42,245,GPS,,SYNTHETIC,,AIS,176.4,68.6,21.0,21.0
25/08/2026 10:31:10,Class A,999100008,54.583132,11.330865,Under way using engine,0.0,3.1,150.0,150,Unknown,S0008,SYNTH HOTEL,Fishing,Undefined,6,22,GPS,,SYNTHETIC,,AIS,15.8,6.2,3.0,3.0
25/08/2026 10:31:10,Class A,999100009,54.615119,11.155862,Under way using engine,0.0,10.5,88.0,88,Unknown,S0009,SYNTH INDIA,Cargo,Undefined,23,155,GPS,,SYNTHETIC,,AIS,111.6,43.4,11.5,11.5
25/08/2026 10:31:10,Class A,999100010,54.621855,11.522853,Under way using engine,0.0,12.8,268.0,268,Unknown,S0010,SYNTH JULIET,Tanker,Undefined,30,190,GPS,,SYNTHETIC,,AIS,136.8,53.2,15.0,15.0
25/08/2026 10:31:10,Class A,999100011,54.631312,11.175607,Under way using engine,0.0,4.2,15.0,15,Unknown,S0011,SYNTH KILO,Fishing,Undefined,6,19,GPS,,SYNTHETIC,,AIS,13.7,5.3,3.0,3.0
25/08/2026 10:31:10,Class A,999100012,54.615295,11.498299,Under way using engine,0.0,8.9,200.0,200,Unknown,S0012,SYNTH LIMA,Cargo,Undefined,18,110,GPS,,SYNTHETIC,,AIS,79.2,30.8,9.0,9.0
25/08/2026 10:31:10,Class A,999100013,54.636672,11.208949,Under way using engine,0.0,5.5,340.0,340,Unknown,S0013,SYNTH MIKE,Tug,Undefined,10,30,GPS,,SYNTHETIC,,AIS,21.6,8.4,5.0,5.0
25/08/2026 10:31:10,Class A,999100014,54.484375,11.304662,Under way using engine,0.0,17.4,182.0,182,Unknown,S0014,SYNTH NOVEMBER,Passenger,Undefined,26,165,GPS,,SYNTHETIC,,AIS,118.8,46.2,13.0,13.0
25/08/2026 10:31:10,Class A,999100015,54.473683,11.373775,Under way using engine,0.0,11.9,250.0,250,Unknown,S0015,SYNTH OSCAR,Cargo,Undefined,31,205,GPS,,SYNTHETIC,,AIS,147.6,57.4,15.5,15.5
25/08/2026 10:31:10,Class A,999100016,54.483129,11.245337,Under way using engine,0.0,10.2,70.0,70,Unknown,S0016,SYNTH PAPA,Tanker,Undefined,27,175,GPS,,SYNTHETIC,,AIS,126.0,49.0,13.5,13.5
25/08/2026 10:31:20,Class A,999100001,54.576717,11.287333,Under way using engine,0.0,12.4,68.0,68,Unknown,S0001,SYNTH ALPHA,Cargo,Undefined,28,180,GPS,,SYNTHETIC,,AIS,129.6,50.4,14.0,14.0
25/08/2026 10:31:20,Class A,999100002,54.596397,11.338479,Under way using engine,0.0,11.1,247.0,247,Unknown,S0002,SYNTH BRAVO,Tanker,Undefined,32,228,GPS,,SYNTHETIC,,AIS,164.2,63.8,16.0,16.0
25/08/2026 10:31:20,Class A,999100003,54.567180,11.317909,Under way using engine,0.0,9.8,71.0,71,Unknown,S0003,SYNTH CHARLIE,Cargo,Undefined,16,96,GPS,,SYNTHETIC,,AIS,69.1,26.9,8.0,8.0
25/08/2026 10:31:20,Class A,999100004,54.599215,11.292324,Under way using engine,0.0,16.2,195.0,195,Unknown,S0004,SYNTH DELTA,Passenger,Undefined,24,142,GPS,,SYNTHETIC,,AIS,102.2,39.8,12.0,12.0
25/08/2026 10:31:20,Class A,999100005,54.589521,11.356872,Under way using engine,0.0,6.4,310.0,310,Unknown,S0005,SYNTH ECHO,Fishing,Undefined,7,26,GPS,,SYNTHETIC,,AIS,18.7,7.3,3.5,3.5
25/08/2026 10:31:20,Class A,999100006,54.580500,11.321255,At anchor,0.0,0.4,90.0,90,Unknown,S0006,SYNTH FOXTROT,Tug,Undefined,11,34,GPS,,SYNTHETIC,,AIS,24.5,9.5,5.5,5.5
25/08/2026 10:31:20,Class A,999100007,54.594220,11.277857,Under way using engine,0.0,13.7,64.0,64,Unknown,S0007,SYNTH GOLF,Tanker,Undefined,42,245,GPS,,SYNTHETIC,,AIS,176.4,68.6,21.0,21.0
25/08/2026 10:31:20,Class A,999100008,54.583007,11.330989,Under way using engine,0.0,3.1,150.0,150,Unknown,S0008,SYNTH HOTEL,Fishing,Undefined,6,22,GPS,,SYNTHETIC,,AIS,15.8,6.2,3.0,3.0
25/08/2026 10:31:20,Class A,999100009,54.615135,11.156700,Under way using engine,0.0,10.5,88.0,88,Unknown,S0009,SYNTH INDIA,Cargo,Undefined,23,155,GPS,,SYNTHETIC,,AIS,111.6,43.4,11.5,11.5
25/08/2026 10:31:20,Class A,999100010,54.621835,11.521831,Under way using engine,0.0,12.8,268.0,268,Unknown,S0010,SYNTH JULIET,Tanker,Undefined,30,190,GPS,,SYNTHETIC,,AIS,136.8,53.2,15.0,15.0
25/08/2026 10:31:20,Class A,999100011,54.631500,11.175694,Under way using engine,0.0,4.2,15.0,15,Unknown,S0011,SYNTH KILO,Fishing,Undefined,6,19,GPS,,SYNTHETIC,,AIS,13.7,5.3,3.0,3.0
25/08/2026 10:31:20,Class A,999100012,54.614908,11.498056,Under way using engine,0.0,8.9,200.0,200,Unknown,S0012,SYNTH LIMA,Cargo,Undefined,18,110,GPS,,SYNTHETIC,,AIS,79.2,30.8,9.0,9.0
25/08/2026 10:31:20,Class A,999100013,54.636911,11.208798,Under way using engine,0.0,5.5,340.0,340,Unknown,S0013,SYNTH MIKE,Tug,Undefined,10,30,GPS,,SYNTHETIC,,AIS,21.6,8.4,5.0,5.0
25/08/2026 10:31:20,Class A,999100014,54.483571,11.304614,Under way using engine,0.0,17.4,182.0,182,Unknown,S0014,SYNTH NOVEMBER,Passenger,Undefined,26,165,GPS,,SYNTHETIC,,AIS,118.8,46.2,13.0,13.0
25/08/2026 10:31:20,Class A,999100015,54.473495,11.372885,Under way using engine,0.0,11.9,250.0,250,Unknown,S0015,SYNTH OSCAR,Cargo,Undefined,31,205,GPS,,SYNTHETIC,,AIS,147.6,57.4,15.5,15.5
25/08/2026 10:31:20,Class A,999100016,54.483290,11.246100,Under way using engine,0.0,10.2,70.0,70,Unknown,S0016,SYNTH PAPA,Tanker,Undefined,27,175,GPS,,SYNTHETIC,,AIS,126.0,49.0,13.5,13.5
25/08/2026 10:31:30,Class A,999100001,54.576932,11.288250,Under way using engine,0.0,12.4,68.0,68,Unknown,S0001,SYNTH ALPHA,Cargo,Undefined,28,180,GPS,,SYNTHETIC,,AIS,129.6,50.4,14.0,14.0
25/08/2026 10:31:30,Class A,999100002,54.596196,11.337664,Under way using engine,0.0,11.1,247.0,247,Unknown,S0002,SYNTH BRAVO,Tanker,Undefined,32,228,GPS,,SYNTHETIC,,AIS,164.2,63.8,16.0,16.0
25/08/2026 10:31:30,Class A,999100003,54.567327,11.318647,Under way using engine,0.0,9.8,71.0,71,Unknown,S0003,SYNTH CHARLIE,Cargo,Undefined,16,96,GPS,,SYNTHETIC,,AIS,69.1,26.9,8.0,8.0
25/08/2026 10:31:30,Class A,999100004,54.598492,11.291989,Under way using engine,0.0,16.2,195.0,195,Unknown,S0004,SYNTH DELTA,Passenger,Undefined,24,142,GPS,,SYNTHETIC,,AIS,102.2,39.8,12.0,12.0
25/08/2026 10:31:30,Class A,999100005,54.589711,11.356481,Under way using engine,0.0,6.4,310.0,310,Unknown,S0005,SYNTH ECHO,Fishing,Undefined,7,26,GPS,,SYNTHETIC,,AIS,18.7,7.3,3.5,3.5
25/08/2026 10:31:30,Class A,999100006,54.580500,11.321287,At anchor,0.0,0.4,90.0,90,Unknown,S0006,SYNTH FOXTROT,Tug,Undefined,11,34,GPS,,SYNTHETIC,,AIS,24.5,9.5,5.5,5.5
25/08/2026 10:31:30,Class A,999100007,54.594498,11.278839,Under way using engine,0.0,13.7,64.0,64,Unknown,S0007,SYNTH GOLF,Tanker,Undefined,42,245,GPS,,SYNTHETIC,,AIS,176.4,68.6,21.0,21.0
25/08/2026 10:31:30,Class A,999100008,54.582883,11.331112,Under way using engine,0.0,3.1,150.0,150,Unknown,S0008,SYNTH HOTEL,Fishing,Undefined,6,22,GPS,,SYNTHETIC,,AIS,15.8,6.2,3.0,3.0
25/08/2026 10:31:30,Class A,999100009,54.615152,11.157537,Under way using engine,0.0,10.5,88.0,88,Unknown,S0009,SYNTH INDIA,Cargo,Undefined,23,155,GPS,,SYNTHETIC,,AIS,111.6,43.4,11.5,11.5
25/08/2026 10:31:30,Class A,999100010,54.621814,11.520810,Under way using engine,0.0,12.8,268.0,268,Unknown,S0010,SYNTH JULIET,Tanker,Undefined,30,190,GPS,,SYNTHETIC,,AIS,136.8,53.2,15.0,15.0
25/08/2026 10:31:30,Class A,999100011,54.631687,11.175781,Under way using engine,0.0,4.2,15.0,15,Unknown,S0011,SYNTH KILO,Fishing,Undefined,6,19,GPS,,SYNTHETIC,,AIS,13.7,5.3,3.0,3.0
25/08/2026 10:31:30,Class A,999100012,54.614522,11.497814,Under way using engine,0.0,8.9,200.0,200,Unknown,S0012,SYNTH LIMA,Cargo,Undefined,18,110,GPS,,SYNTHETIC,,AIS,79.2,30.8,9.0,9.0
25/08/2026 10:31:30,Class A,999100013,54.637150,11.208648,Under way using engine,0.0,5.5,340.0,340,Unknown,S0013,SYNTH MIKE,Tug,Undefined,10,30,GPS,,SYNTHETIC,,AIS,21.6,8.4,5.0,5.0
25/08/2026 10:31:30,Class A,999100014,54.482767,11.304565,Under way using engine,0.0,17.4,182.0,182,Unknown,S0014,SYNTH NOVEMBER,Passenger,Undefined,26,165,GPS,,SYNTHETIC,,AIS,118.8,46.2,13.0,13.0
25/08/2026 10:31:30,Class A,999100015,54.473307,11.371996,Under way using engine,0.0,11.9,250.0,250,Unknown,S0015,SYNTH OSCAR,Cargo,Undefined,31,205,GPS,,SYNTHETIC,,AIS,147.6,57.4,15.5,15.5
25/08/2026 10:31:30,Class A,999100016,54.483451,11.246862,Under way using engine,0.0,10.2,70.0,70,Unknown,S0016,SYNTH PAPA,Tanker,Undefined,27,175,GPS,,SYNTHETIC,,AIS,126.0,49.0,13.5,13.5
25/08/2026 10:31:40,Class A,999100001,54.577147,11.289167,Under way using engine,0.0,12.4,68.0,68,Unknown,S0001,SYNTH ALPHA,Cargo,Undefined,28,180,GPS,,SYNTHETIC,,AIS,129.6,50.4,14.0,14.0
25/08/2026 10:31:40,Class A,999100002,54.595996,11.336849,Under way using engine,0.0,11.1,247.0,247,Unknown,S0002,SYNTH BRAVO,Tanker,Undefined,32,228,GPS,,SYNTHETIC,,AIS,164.2,63.8,16.0,16.0
25/08/2026 10:31:40,Class A,999100003,54.567474,11.319386,Under way using engine,0.0,9.8,71.0,71,Unknown,S0003,SYNTH CHARLIE,Cargo,Undefined,16,96,GPS,,SYNTHETIC,,AIS,69.1,26.9,8.0,8.0
25/08/2026 10:31:40,Class A,999100004,54.597769,11.291655,Under way using engine,0.0,16.2,195.0,195,Unknown,S0004,SYNTH DELTA,Passenger,Undefined,24,142,GPS,,SYNTHETIC,,AIS,102.2,39.8,12.0,12.0
25/08/2026 10:31:40,Class A,999100005,54.589901,11.356090,Under way using engine,0.0,6.4,310.0,310,Unknown,S0005,SYNTH ECHO,Fishing,Undefined,7,26,GPS,,SYNTHETIC,,AIS,18.7,7.3,3.5,3.5
25/08/2026 10:31:40,Class A,999100006,54.580500,11.321319,At anchor,0.0,0.4,90.0,90,Unknown,S0006,SYNTH FOXTROT,Tug,Undefined,11,34,GPS,,SYNTHETIC,,AIS,24.5,9.5,5.5,5.5
25/08/2026 10:31:40,Class A,999100007,54.594775,11.279822,Under way using engine,0.0,13.7,64.0,64,Unknown,S0007,SYNTH GOLF,Tanker,Undefined,42,245,GPS,,SYNTHETIC,,AIS,176.4,68.6,21.0,21.0
25/08/2026 10:31:40,Class A,999100008,54.582759,11.331236,Under way using engine,0.0,3.1,150.0,150,Unknown,S0008,SYNTH HOTEL,Fishing,Undefined,6,22,GPS,,SYNTHETIC,,AIS,15.8,6.2,3.0,3.0
25/08/2026 10:31:40,Class A,999100009,54.615169,11.158375,Under way using engine,0.0,10.5,88.0,88,Unknown,S0009,SYNTH INDIA,Cargo,Undefined,23,155,GPS,,SYNTHETIC,,AIS,111.6,43.4,11.5,11.5
25/08/2026 10:31:40,Class A,999100010,54.621794,11.519789,Under way using engine,0.0,12.8,268.0,268,Unknown,S0010,SYNTH JULIET,Tanker,Undefined,30,190,GPS,,SYNTHETIC,,AIS,136.8,53.2,15.0,15.0
25/08/2026 10:31:40,Class A,999100011,54.631875,11.175868,Under way using engine,0.0,4.2,15.0,15,Unknown,S0011,SYNTH KILO,Fishing,Undefined,6,19,GPS,,SYNTHETIC,,AIS,13.7,5.3,3.0,3.0
25/08/2026 10:31:40,Class A,999100012,54.614135,11.497571,Under way using engine,0.0,8.9,200.0,200,Unknown,S0012,SYNTH LIMA,Cargo,Undefined,18,110,GPS,,SYNTHETIC,,AIS,79.2,30.8,9.0,9.0
25/08/2026 10:31:40,Class A,999100013,54.637388,11.208498,Under way using engine,0.0,5.5,340.0,340,Unknown,S0013,SYNTH MIKE,Tug,Undefined,10,30,GPS,,SYNTHETIC,,AIS,21.6,8.4,5.0,5.0
25/08/2026 10:31:40,Class A,999100014,54.481964,11.304517,Under way using engine,0.0,17.4,182.0,182,Unknown,S0014,SYNTH NOVEMBER,Passenger,Undefined,26,165,GPS,,SYNTHETIC,,AIS,118.8,46.2,13.0,13.0
25/08/2026 10:31:40,Class A,999100015,54.473119,11.371107,Under way using engine,0.0,11.9,250.0,250,Unknown,S0015,SYNTH OSCAR,Cargo,Undefined,31,205,GPS,,SYNTHETIC,,AIS,147.6,57.4,15.5,15.5
25/08/2026 10:31:40,Class A,999100016,54.483612,11.247625,Under way using engine,0.0,10.2,70.0,70,Unknown,S0016,SYNTH PAPA,Tanker,Undefined,27,175,GPS,,SYNTHETIC,,AIS,126.0,49.0,13.5,13.5
25/08/2026 10:31:50,Class A,999100001,54.577361,11.290083,Under way using engine,0.0,12.4,68.0,68,Unknown,S0001,SYNTH ALPHA,Cargo,Undefined,28,180,GPS,,SYNTHETIC,,AIS,129.6,50.4,14.0,14.0
25/08/2026 10:31:50,Class A,999100002,54.595795,11.336034,Under way using engine,0.0,11.1,247.0,247,Unknown,S0002,SYNTH BRAVO,Tanker,Undefined,32,228,GPS,,SYNTHETIC,,AIS,164.2,63.8,16.0,16.0
25/08/2026 10:31:50,Class A,999100003,54.567622,11.320125,Under way using engine,0.0,9.8,71.0,71,Unknown,S0003,SYNTH CHARLIE,Cargo,Undefined,16,96,GPS,,SYNTHETIC,,AIS,69.1,26.9,8.0,8.0
25/08/2026 10:31:50,Class A,999100004,54.597045,11.291320,Under way using engine,0.0,16.2,195.0,195,Unknown,S0004,SYNTH DELTA,Passenger,Undefined,24,142,GPS,,SYNTHETIC,,AIS,102.2,39.8,12.0,12.0
25/08/2026 10:31:50,Class A,999100005,54.590091,11.355699,Under way using engine,0.0,6.4,310.0,310,Unknown,S0005,SYNTH ECHO,Fishing,Undefined,7,26,GPS,,SYNTHETIC,,AIS,18.7,7.3,3.5,3.5
25/08/2026 10:31:50,Class A,999100006,54.580500,11.321351,At anchor,0.0,0.4,90.0,90,Unknown,S0006,SYNTH FOXTROT,Tug,Undefined,11,34,GPS,,SYNTHETIC,,AIS,24.5,9.5,5.5,5.5
25/08/2026 10:31:50,Class A,999100007,54.595053,11.280804,Under way using engine,0.0,13.7,64.0,64,Unknown,S0007,SYNTH GOLF,Tanker,Undefined,42,245,GPS,,SYNTHETIC,,AIS,176.4,68.6,21.0,21.0
25/08/2026 10:31:50,Class A,999100008,54.582635,11.331360,Under way using engine,0.0,3.1,150.0,150,Unknown,S0008,SYNTH HOTEL,Fishing,Undefined,6,22,GPS,,SYNTHETIC,,AIS,15.8,6.2,3.0,3.0
25/08/2026 10:31:50,Class A,999100009,54.615186,11.159212,Under way using engine,0.0,10.5,88.0,88,Unknown,S0009,SYNTH INDIA,Cargo,Undefined,23,155,GPS,,SYNTHETIC,,AIS,111.6,43.4,11.5,11.5
25/08/2026 10:31:50,Class A,999100010,54.621773,11.518768,Under way using engine,0.0,12.8,268.0,268,Unknown,S0010,SYNTH JULIET,Tanker,Undefined,30,190,GPS,,SYNTHETIC,,AIS,136.8,53.2,15.0,15.0
25/08/2026 10:31:50,Class A,999100011,54.632062,11.175955,Under way using engine,0.0,4.2,15.0,15,Unknown,S0011,SYNTH KILO,Fishing,Undefined,6,19,GPS,,SYNTHETIC,,AIS,13.7,5.3,3.0,3.0
25/08/2026 10:31:50,Class A,999100012,54.613749,11.497328,Under way using engine,0.0,8.9,200.0,200,Unknown,S0012,SYNTH LIMA,Cargo,Undefined,18,110,GPS,,SYNTHETIC,,AIS,79.2,30.8,9.0,9.0
25/08/2026 10:31:50,Class A,999100013,54.637627,11.208348,Under way using engine,0.0,5.5,340.0,340,Unknown,S0013,SYNTH MIKE,Tug,Undefined,10,30,GPS,,SYNTHETIC,,AIS,21.6,8.4,5.0,5.0
25/08/2026 10:31:50,Class A,999100014,54.481160,11.304469,Under way using engine,0.0,17.4,182.0,182,Unknown,S0014,SYNTH NOVEMBER,Passenger,Undefined,26,165,GPS,,SYNTHETIC,,AIS,118.8,46.2,13.0,13.0
25/08/2026 10:31:50,Class A,999100015,54.472931,11.370217,Under way using engine,0.0,11.9,250.0,250,Unknown,S0015,SYNTH OSCAR,Cargo,Undefined,31,205,GPS,,SYNTHETIC,,AIS,147.6,57.4,15.5,15.5
25/08/2026 10:31:50,Class A,999100016,54.483773,11.248387,Under way using engine,0.0,10.2,70.0,70,Unknown,S0016,SYNTH PAPA,Tanker,Undefined,27,175,GPS,,SYNTHETIC,,AIS,126.0,49.0,13.5,13.5
25/08/2026 10:32:00,Class A,999100001,54.577576,11.291000,Under way using engine,0.0,12.4,68.0,68,Unknown,S0001,SYNTH ALPHA,Cargo,Undefined,28,180,GPS,,SYNTHETIC,,AIS,129.6,50.4,14.0,14.0
25/08/2026 10:32:00,Class A,999100002,54.595595,11.335219,Under way using engine,0.0,11.1,247.0,247,Unknown,S0002,SYNTH BRAVO,Tanker,Undefined,32,228,GPS,,SYNTHETIC,,AIS,164.2,63.8,16.0,16.0
25/08/2026 10:32:00,Class A,999100003,54.567769,11.320863,Under way using engine,0.0,9.8,71.0,71,Unknown,S0003,SYNTH CHARLIE,Cargo,Undefined,16,96,GPS,,SYNTHETIC,,AIS,69.1,26.9,8.0,8.0
25/08/2026 10:32:00,Class A,999100004,54.596322,11.290986,Under way using engine,0.0,16.2,195.0,195,Unknown,S0004,SYNTH DELTA,Passenger,Undefined,24,142,GPS,,SYNTHETIC,,AIS,102.2,39.8,12.0,12.0
25/08/2026 10:32:00,Class A,999100005,54.590281,11.355308,Under way using engine,0.0,6.4,310.0,310,Unknown,S0005,SYNTH ECHO,Fishing,Undefined,7,26,GPS,,SYNTHETIC,,AIS,18.7,7.3,3.5,3.5
25/08/2026 10:32:00,Class A,999100006,54.580500,11.321383,At anchor,0.0,0.4,90.0,90,Unknown,S0006,SYNTH FOXTROT,Tug,Undefined,11,34,GPS,,SYNTHETIC,,AIS,24.5,9.5,5.5,5.5
25/08/2026 10:32:00,Class A,999100007,54.595330,11.281786,Under way using engine,0.0,13.7,64.0,64,Unknown,S0007,SYNTH GOLF,Tanker,Undefined,42,245,GPS,,SYNTHETIC,,AIS,176.4,68.6,21.0,21.0
25/08/2026 10:32:00,Class A,999100008,54.582511,11.331483,Under way using engine,0.0,3.1,150.0,150,Unknown,S0008,SYNTH HOTEL,Fishing,Undefined,6,22,GPS,,SYNTHETIC,,AIS,15.8,6.2,3.0,3.0
25/08/2026 10:32:00,Class A,999100009,54.615203,11.160049,Under way using engine,0.0,10.5,88.0,88,Unknown,S0009,SYNTH INDIA,Cargo,Undefined,23,155,GPS,,SYNTHETIC,,AIS,111.6,43.4,11.5,11.5
25/08/2026 10:32:00,Class A,999100010,54.621752,11.517747,Under way using engine,0.0,12.8,268.0,268,Unknown,S0010,SYNTH JULIET,Tanker,Undefined,30,190,GPS,,SYNTHETIC,,AIS,136.8,53.2,15.0,15.0
25/08/2026 10:32:00,Class A,999100011,54.632250,11.176041,Under way using engine,0.0,4.2,15.0,15,Unknown,S0011,SYNTH KILO,Fishing,Undefined,6,19,GPS,,SYNTHETIC,,AIS,13.7,5.3,3.0,3.0
25/08/2026 10:32:00,Class A,999100012,54.613362,11.497085,Under way using engine,0.0,8.9,200.0,200,Unknown,S0012,SYNTH LIMA,Cargo,Undefined,18,110,GPS,,SYNTHETIC,,AIS,79.2,30.8,9.0,9.0
25/08/2026 10:32:00,Class A,999100013,54.637866,11.208198,Under way using engine,0.0,5.5,340.0,340,Unknown,S0013,SYNTH MIKE,Tug,Undefined,10,30,GPS,,SYNTHETIC,,AIS,21.6,8.4,5.0,5.0
25/08/2026 10:32:00,Class A,999100014,54.480357,11.304420,Under way using engine,0.0,17.4,182.0,182,Unknown,S0014,SYNTH NOVEMBER,Passenger,Undefined,26,165,GPS,,SYNTHETIC,,AIS,118.8,46.2,13.0,13.0
25/08/2026 10:32:00,Class A,999100015,54.472743,11.369328,Under way using engine,0.0,11.9,250.0,250,Unknown,S0015,SYNTH OSCAR,Cargo,Undefined,31,205,GPS,,SYNTHETIC,,AIS,147.6,57.4,15.5,15.5
25/08/2026 10:32:00,Class A,999100016,54.483935,11.249149,Under way using engine,0.0,10.2,70.0,70,Unknown,S0016,SYNTH PAPA,Tanker,Undefined,27,175,GPS,,SYNTHETIC,,AIS,126.0,49.0,13.5,13.5
25/08/2026 10:32:10,Class A,999100001,54.577791,11.291917,Under way using engine,0.0,12.4,68.0,68,Unknown,S0001,SYNTH ALPHA,Cargo,Undefined,28,180,GPS,,SYNTHETIC,,AIS,129.6,50.4,14.0,14.0
25/08/2026 10:32:10,Class A,999100002,54.595394,11.334404,Under way using engine,0.0,11.1,247.0,247,Unknown,S0002,SYNTH BRAVO,Tanker,Undefined,32,228,GPS,,SYNTHETIC,,AIS,164.2,63.8,16.0,16.0
25/08/2026 10:32:10,Class A,999100003,54.567917,11.321602,Under way using engine,0.0,9.8,71.0,71,Unknown,S0003,SYNTH CHARLIE,Cargo,Undefined,16,96,GPS,,SYNTHETIC,,AIS,69.1,26.9,8.0,8.0
25/08/2026 10:32:10,Class A,999100004,54.595599,11.290652,Under way using engine,0.0,16.2,195.0,195,Unknown,S0004,SYNTH DELTA,Passenger,Undefined,24,142,GPS,,SYNTHETIC,,AIS,102.2,39.8,12.0,12.0
25/08/2026 10:32:10,Class A,999100005,54.590471,11.354917,Under way using engine,0.0,6.4,310.0,310,Unknown,S0005,SYNTH ECHO,Fishing,Undefined,7,26,GPS,,SYNTHETIC,,AIS,18.7,7.3,3.5,3.5
25/08/2026 10:32:10,Class A,999100006,54.580500,11.321415,At anchor,0.0,0.4,90.0,90,Unknown,S0006,SYNTH FOXTROT,Tug,Undefined,11,34,GPS,,SYNTHETIC,,AIS,24.5,9.5,5.5,5.5
25/08/2026 10:32:10,Class A,999100007,54.595608,11.282768,Under way using engine,0.0,13.7,64.0,64,Unknown,S0007,SYNTH GOLF,Tanker,Undefined,42,245,GPS,,SYNTHETIC,,AIS,176.4,68.6,21.0,21.0
25/08/2026 10:32:10,Class A,999100008,54.582387,11.331607,Under way using engine,0.0,3.1,150.0,150,Unknown,S0008,SYNTH HOTEL,Fishing,Undefined,6,22,GPS,,SYNTHETIC,,AIS,15.8,6.2,3.0,3.0
25/08/2026 10:32:10,Class A,999100009,54.615220,11.160887,Under way using engine,0.0,10.5,88.0,88,Unknown,S0009,SYNTH INDIA,Cargo,Undefined,23,155,GPS,,SYNTHETIC,,AIS,111.6,43.4,11.5,11.5
25/08/2026 10:32:10,Class A,999100010,54.621732,11.516726,Under way using engine,0.0,12.8,268.0,268,Unknown,S0010,SYNTH JULIET,Tanker,Undefined,30,190,GPS,,SYNTHETIC,,AIS,136.8,53.2,15.0,15.0
25/08/2026 10:32:10,Class A,999100011,54.632437,11.176128,Under way using engine,0.0,4.2,15.0,15,Unknown,S0011,SYNTH KILO,Fishing,Undefined,6,19,GPS,,SYNTHETIC,,AIS,13.7,5.3,3.0,3.0
25/08/2026 10:32:10,Class A,999100012,54.612976,11.496842,Under way using engine,0.0,8.9,200.0,200,Unknown,S0012,SYNTH LIMA,Cargo,Undefined,18,110,GPS,,SYNTHETIC,,AIS,79.2,30.8,9.0,9.0
25/08/2026 10:32:10,Class A,999100013,54.638105,11.208047,Under way using engine,0.0,5.5,340.0,340,Unknown,S0013,SYNTH MIKE,Tug,Undefined,10,30,GPS,,SYNTHETIC,,AIS,21.6,8.4,5.0,5.0
25/08/2026 10:32:10,Class A,999100014,54.479553,11.304372,Under way using engine,0.0,17.4,182.0,182,Unknown,S0014,SYNTH NOVEMBER,Passenger,Undefined,26,165,GPS,,SYNTHETIC,,AIS,118.8,46.2,13.0,13.0
25/08/2026 10:32:10,Class A,999100015,54.472555,11.368439,Under way using engine,0.0,11.9,250.0,250,Unknown,S0015,SYNTH OSCAR,Cargo,Undefined,31,205,GPS,,SYNTHETIC,,AIS,147.6,57.4,15.5,15.5
25/08/2026 10:32:10,Class A,999100016,54.484096,11.249912,Under way using engine,0.0,10.2,70.0,70,Unknown,S0016,SYNTH PAPA,Tanker,Undefined,27,175,GPS,,SYNTHETIC,,AIS,126.0,49.0,13.5,13.5
25/08/2026 10:32:20,Class A,999100001,54.578005,11.292833,Under way using engine,0.0,12.4,68.0,68,Unknown,S0001,SYNTH ALPHA,Cargo,Undefined,28,180,GPS,,SYNTHETIC,,AIS,129.6,50.4,14.0,14.0
25/08/2026 10:32:20,Class A,999100002,54.595194,11.333589,Under way using engine,0.0,11.1,247.0,247,Unknown,S0002,SYNTH BRAVO,Tanker,Undefined,32,228,GPS,,SYNTHETIC,,AIS,164.2,63.8,16.0,16.0
25/08/2026 10:32:20,Class A,999100003,54.568064,11.322341,Under way using engine,0.0,9.8,71.0,71,Unknown,S0003,SYNTH CHARLIE,Cargo,Undefined,16,96,GPS,,SYNTHETIC,,AIS,69.1,26.9,8.0,8.0
25/08/2026 10:32:20,Class A,999100004,54.594876,11.290317,Under way using engine,0.0,16.2,195.0,195,Unknown,S0004,SYNTH DELTA,Passenger,Undefined,24,142,GPS,,SYNTHETIC,,AIS,102.2,39.8,12.0,12.0
25/08/2026 10:32:20,Class A,999100005,54.590662,11.354526,Under way using engine,0.0,6.4,310.0,310,Unknown,S0005,SYNTH ECHO,Fishing,Undefined,7,26,GPS,,SYNTHETIC,,AIS,18.7,7.3,3.5,3.5
25/08/2026 10:32:20,Class A,999100006,54.580500,11.321447,At anchor,0.0,0.4,90.0,90,Unknown,S0006,SYNTH FOXTROT,Tug,Undefined,11,34,GPS,,SYNTHETIC,,AIS,24.5,9.5,5.5,5.5
25/08/2026 10:32:20,Class A,999100007,54.595886,11.283750,Under way using engine,0.0,13.7,64.0,64,Unknown,S0007,SYNTH GOLF,Tanker,Undefined,42,245,GPS,,SYNTHETIC,,AIS,176.4,68.6,21.0,21.0
25/08/2026 10:32:20,Class A,999100008,54.582263,11.331730,Under way using engine,0.0,3.1,150.0,150,Unknown,S0008,SYNTH HOTEL,Fishing,Undefined,6,22,GPS,,SYNTHETIC,,AIS,15.8,6.2,3.0,3.0
25/08/2026 10:32:20,Class A,999100009,54.615237,11.161724,Under way using engine,0.0,10.5,88.0,88,Unknown,S0009,SYNTH INDIA,Cargo,Undefined,23,155,GPS,,SYNTHETIC,,AIS,111.6,43.4,11.5,11.5
25/08/2026 10:32:20,Class A,999100010,54.621711,11.515705,Under way using engine,0.0,12.8,268.0,268,Unknown,S0010,SYNTH JULIET,Tanker,Undefined,30,190,GPS,,SYNTHETIC,,AIS,136.8,53.2,15.0,15.0
25/08/2026 10:32:20,Class A,999100011,54.632625,11.176215,Under way using engine,0.0,4.2,15.0,15,Unknown,S0011,SYNTH KILO,Fishing,Undefined,6,19,GPS,,SYNTHETIC,,AIS,13.7,5.3,3.0,3.0
25/08/2026 10:32:20,Class A,999100012,54.612589,11.496599,Under way using engine,0.0,8.9,200.0,200,Unknown,S0012,SYNTH LIMA,Cargo,Undefined,18,110,GPS,,SYNTHETIC,,AIS,79.2,30.8,9.0,9.0
25/08/2026 10:32:20,Class A,999100013,54.638344,11.207897,Under way using engine,0.0,5.5,340.0,340,Unknown,S0013,SYNTH MIKE,Tug,Undefined,10,30,GPS,,SYNTHETIC,,AIS,21.6,8.4,5.0,5.0
25/08/2026 10:32:20,Class A,999100014,54.478749,11.304324,Under way using engine,0.0,17.4,182.0,182,Unknown,S0014,SYNTH NOVEMBER,Passenger,Undefined,26,165,GPS,,SYNTHETIC,,AIS,118.8,46.2,13.0,13.0
25/08/2026 10:32:20,Class A,999100015,54.472367,11.367549,Under way using engine,0.0,11.9,250.0,250,Unknown,S0015,SYNTH OSCAR,Cargo,Undefined,31,205,GPS,,SYNTHETIC,,AIS,147.6,57.4,15.5,15.5
25/08/2026 10:32:20,Class A,999100016,54.484257,11.250674,Under way using engine,0.0,10.2,70.0,70,Unknown,S0016,SYNTH PAPA,Tanker,Undefined,27,175,GPS,,SYNTHETIC,,AIS,126.0,49.0,13.5,13.5
25/08/2026 10:32:30,Class A,999100001,54.578220,11.293750,Under way using engine,0.0,12.4,68.0,68,Unknown,S0001,SYNTH ALPHA,Cargo,Undefined,28,180,GPS,,SYNTHETIC,,AIS,129.6,50.4,14.0,14.0
25/08/2026 10:32:30,Class A,999100002,54.594994,11.332774,Under way using engine,0.0,11.1,247.0,247,Unknown,S0002,SYNTH BRAVO,Tanker,Undefined,32,228,GPS,,SYNTHETIC,,AIS,164.2,63.8,16.0,16.0
25/08/2026 10:32:30,Class A,999100003,54.568212,11.323079,Under way using engine,0.0,9.8,71.0,71,Unknown,S0003,SYNTH CHARLIE,Cargo,Undefined,16,96,GPS,,SYNTHETIC,,AIS,69.1,26.9,8.0,8.0
25/08/2026 10:32:30,Class A,999100004,54.594153,11.289983,Under way using engine,0.0,16.2,195.0,195,Unknown,S0004,SYNTH DELTA,Passenger,Undefined,24,142,GPS,,SYNTHETIC,,AIS,102.2,39.8,12.0,12.0
25/08/2026 10:32:30,Class A,999100005,54.590852,11.354135,Under way using engine,0.0,6.4,310.0,310,Unknown,S0005,SYNTH ECHO,Fishing,Undefined,7,26,GPS,,SYNTHETIC,,AIS,18.7,7.3,3.5,3.5
25/08/2026 10:32:30,Class A,999100006,54.580500,11.321478,At anchor,0.0,0.4,90.0,90,Unknown,S0006,SYNTH FOXTROT,Tug,Undefined,11,34,GPS,,SYNTHETIC,,AIS,24.5,9.5,5.5,5.5
25/08/2026 10:32:30,Class A,999100007,54.596163,11.284733,Under way using engine,0.0,13.7,64.0,64,Unknown,S0007,SYNTH GOLF,Tanker,Undefined,42,245,GPS,,SYNTHETIC,,AIS,176.4,68.6,21.0,21.0
25/08/2026 10:32:30,Class A,999100008,54.582139,11.331854,Under way using engine,0.0,3.1,150.0,150,Unknown,S0008,SYNTH HOTEL,Fishing,Undefined,6,22,GPS,,SYNTHETIC,,AIS,15.8,6.2,3.0,3.0
25/08/2026 10:32:30,Class A,999100009,54.615254,11.162562,Under way using engine,0.0,10.5,88.0,88,Unknown,S0009,SYNTH INDIA,Cargo,Undefined,23,155,GPS,,SYNTHETIC,,AIS,111.6,43.4,11.5,11.5
25/08/2026 10:32:30,Class A,999100010,54.621690,11.514684,Under way using engine,0.0,12.8,268.0,268,Unknown,S0010,SYNTH JULIET,Tanker,Undefined,30,190,GPS,,SYNTHETIC,,AIS,136.8,53.2,15.0,15.0
25/08/2026 10:32:30,Class A,999100011,54.632812,11.176302,Under way using engine,0.0,4.2,15.0,15,Unknown,S0011,SYNTH KILO,Fishing,Undefined,6,19,GPS,,SYNTHETIC,,AIS,13.7,5.3,3.0,3.0
25/08/2026 10:32:30,Class A,999100012,54.612203,11.496356,Under way using engine,0.0,8.9,200.0,200,Unknown,S0012,SYNTH LIMA,Cargo,Undefined,18,110,GPS,,SYNTHETIC,,AIS,79.2,30.8,9.0,9.0
25/08/2026 10:32:30,Class A,999100013,54.638583,11.207747,Under way using engine,0.0,5.5,340.0,340,Unknown,S0013,SYNTH MIKE,Tug,Undefined,10,30,GPS,,SYNTHETIC,,AIS,21.6,8.4,5.0,5.0
25/08/2026 10:32:30,Class A,999100014,54.477946,11.304275,Under way using engine,0.0,17.4,182.0,182,Unknown,S0014,SYNTH NOVEMBER,Passenger,Undefined,26,165,GPS,,SYNTHETIC,,AIS,118.8,46.2,13.0,13.0
25/08/2026 10:32:30,Class A,999100015,54.472179,11.366660,Under way using engine,0.0,11.9,250.0,250,Unknown,S0015,SYNTH OSCAR,Cargo,Undefined,31,205,GPS,,SYNTHETIC,,AIS,147.6,57.4,15.5,15.5
25/08/2026 10:32:30,Class A,999100016,54.484418,11.251437,Under way using engine,0.0,10.2,70.0,70,Unknown,S0016,SYNTH PAPA,Tanker,Undefined,27,175,GPS,,SYNTHETIC,,AIS,126.0,49.0,13.5,13.5
25/08/2026 10:32:40,Class A,999100001,54.578435,11.294667,Under way using engine,0.0,12.4,68.0,68,Unknown,S0001,SYNTH ALPHA,Cargo,Undefined,28,180,GPS,,SYNTHETIC,,AIS,129.6,50.4,14.0,14.0
25/08/2026 10:32:40,Class A,999100002,54.594793,11.331959,Under way using engine,0.0,11.1,247.0,247,Unknown,S0002,SYNTH BRAVO,Tanker,Undefined,32,228,GPS,,SYNTHETIC,,AIS,164.2,63.8,16.0,16.0
25/08/2026 10:32:40,Class A,999100003,54.568359,11.323818,Under way using engine,0.0,9.8,71.0,71,Unknown,S0003,SYNTH CHARLIE,Cargo,Undefined,16,96,GPS,,SYNTHETIC,,AIS,69.1,26.9,8.0,8.0
25/08/2026 10:32:40,Class A,999100004,54.593430,11.289648,Under way using engine,0.0,16.2,195.0,195,Unknown,S0004,SYNTH DELTA,Passenger,Undefined,24,142,GPS,,SYNTHETIC,,AIS,102.2,39.8,12.0,12.0
25/08/2026 10:32:40,Class A,999100005,54.591042,11.353744,Under way using engine,0.0,6.4,310.0,310,Unknown,S0005,SYNTH ECHO,Fishing,Undefined,7,26,GPS,,SYNTHETIC,,AIS,18.7,7.3,3.5,3.5
25/08/2026 10:32:40,Class A,999100006,54.580500,11.321510,At anchor,0.0,0.4,90.0,90,Unknown,S0006,SYNTH FOXTROT,Tug,Undefined,11,34,GPS,,SYNTHETIC,,AIS,24.5,9.5,5.5,5.5
25/08/2026 10:32:40,Class A,999100007,54.596441,11.285715,Under way using engine,0.0,13.7,64.0,64,Unknown,S0007,SYNTH GOLF,Tanker,Undefined,42,245,GPS,,SYNTHETIC,,AIS,176.4,68.6,21.0,21.0
25/08/2026 10:32:40,Class A,999100008,54.582015,11.331978,Under way using engine,0.0,3.1,150.0,150,Unknown,S0008,SYNTH HOTEL,Fishing,Undefined,6,22,GPS,,SYNTHETIC,,AIS,15.8,6.2,3.0,3.0
25/08/2026 10:32:40,Class A,999100009,54.615271,11.163399,Under way using engine,0.0,10.5,88.0,88,Unknown,S0009,SYNTH INDIA,Cargo,Undefined,23,155,GPS,,SYNTHETIC,,AIS,111.6,43.4,11.5,11.5
25/08/2026 10:32:40,Class A,999100010,54.621670,11.513663,Under way using engine,0.0,12.8,268.0,268,Unknown,S0010,SYNTH JULIET,Tanker,Undefined,30,190,GPS,,SYNTHETIC,,AIS,136.8,53.2,15.0,15.0
25/08/2026 10:32:40,Class A,999100011,54.633000,11.176389,Under way using engine,0.0,4.2,15.0,15,Unknown,S0011,SYNTH KILO,Fishing,Undefined,6,19,GPS,,SYNTHETIC,,AIS,13.7,5.3,3.0,3.0
25/08/2026 10:32:40,Class A,999100012,54.611816,11.496113,Under way using engine,0.0,8.9,200.0,200,Unknown,S0012,SYNTH LIMA,Cargo,Undefined,18,110,GPS,,SYNTHETIC,,AIS,79.2,30.8,9.0,9.0
25/08/2026 10:32:40,Class A,999100013,54.638821,11.207597,Under way using engine,0.0,5.5,340.0,340,Unknown,S0013,SYNTH MIKE,Tug,Undefined,10,30,GPS,,SYNTHETIC,,AIS,21.6,8.4,5.0,5.0
25/08/2026 10:32:40,Class A,999100014,54.477142,11.304227,Under way using engine,0.0,17.4,182.0,182,Unknown,S0014,SYNTH NOVEMBER,Passenger,Undefined,26,165,GPS,,SYNTHETIC,,AIS,118.8,46.2,13.0,13.0
25/08/2026 10:32:40,Class A,999100015,54.471991,11.365771,Under way using engine,0.0,11.9,250.0,250,Unknown,S0015,SYNTH OSCAR,Cargo,Undefined,31,205,GPS,,SYNTHETIC,,AIS,147.6,57.4,15.5,15.5
25/08/2026 10:32:40,Class A,999100016,54.484580,11.252199,Under way using engine,0.0,10.2,70.0,70,Unknown,S0016,SYNTH PAPA,Tanker,Undefined,27,175,GPS,,SYNTHETIC,,AIS,126.0,49.0,13.5,13.5
25/08/2026 10:32:50,Class A,999100001,54.578649,11.295583,Under way using engine,0.0,12.4,68.0,68,Unknown,S0001,SYNTH ALPHA,Cargo,Undefined,28,180,GPS,,SYNTHETIC,,AIS,129.6,50.4,14.0,14.0
25/08/2026 10:32:50,Class A,999100002,54.594593,11.331144,Under way using engine,0.0,11.1,247.0,247,Unknown,S0002,SYNTH BRAVO,Tanker,Undefined,32,228,GPS,,SYNTHETIC,,AIS,164.2,63.8,16.0,16.0
25/08/2026 10:32:50,Class A,999100003,54.568507,11.324557,Under way using engine,0.0,9.8,71.0,71,Unknown,S0003,SYNTH CHARLIE,Cargo,Undefined,16,96,GPS,,SYNTHETIC,,AIS,69.1,26.9,8.0,8.0
25/08/2026 10:32:50,Class A,999100004,54.592707,11.289314,Under way using engine,0.0,16.2,195.0,195,Unknown,S0004,SYNTH DELTA,Passenger,Undefined,24,142,GPS,,SYNTHETIC,,AIS,102.2,39.8,12.0,12.0
25/08/2026 10:32:50,Class A,999100005,54.591232,11.353353,Under way using engine,0.0,6.4,310.0,310,Unknown,S0005,SYNTH ECHO,Fishing,Undefined,7,26,GPS,,SYNTHETIC,,AIS,18.7,7.3,3.5,3.5
25/08/2026 10:32:50,Class A,999100006,54.580500,11.321542,At anchor,0.0,0.4,90.0,90,Unknown,S0006,SYNTH FOXTROT,Tug,Undefined,11,34,GPS,,SYNTHETIC,,AIS,24.5,9.5,5.5,5.5
25/08/2026 10:32:50,Class A,999100007,54.596718,11.286697,Under way using engine,0.0,13.7,64.0,64,Unknown,S0007,SYNTH GOLF,Tanker,Undefined,42,245,GPS,,SYNTHETIC,,AIS,176.4,68.6,21.0,21.0
25/08/2026 10:32:50,Class A,999100008,54.581891,11.332101,Under way using engine,0.0,3.1,150.0,150,Unknown,S0008,SYNTH HOTEL,Fishing,Undefined,6,22,GPS,,SYNTHETIC,,AIS,15.8,6.2,3.0,3.0
25/08/2026 10:32:50,Class A,999100009,54.615288,11.164237,Under way using engine,0.0,10.5,88.0,88,Unknown,S0009,SYNTH INDIA,Cargo,Undefined,23,155,GPS,,SYNTHETIC,,AIS,111.6,43.4,11.5,11.5
25/08/2026 10:32:50,Class A,999100010,54.621649,11.512642,Under way using engine,0.0,12.8,268.0,268,Unknown,S0010,SYNTH JULIET,Tanker,Undefined,30,190,GPS,,SYNTHETIC,,AIS,136.8,53.2,15.0,15.0
25/08/2026 10:32:50,Class A,999100011,54.633187,11.176475,Under way using engine,0.0,4.2,15.0,15,Unknown,S0011,SYNTH KILO,Fishing,Undefined,6,19,GPS,,SYNTHETIC,,AIS,13.7,5.3,3.0,3.0
25/08/2026 10:32:50,Class A,999100012,54.611430,11.495870,Under way using engine,0.0,8.9,200.0,200,Unknown,S0012,SYNTH LIMA,Cargo,Undefined,18,110,GPS,,SYNTHETIC,,AIS,79.2,30.8,9.0,9.0
25/08/2026 10:32:50,Class A,999100013,54.639060,11.207447,Under way using engine,0.0,5.5,340.0,340,Unknown,S0013,SYNTH MIKE,Tug,Undefined,10,30,GPS,,SYNTHETIC,,AIS,21.6,8.4,5.0,5.0
25/08/2026 10:32:50,Class A,999100014,54.476338,11.304179,Under way using engine,0.0,17.4,182.0,182,Unknown,S0014,SYNTH NOVEMBER,Passenger,Undefined,26,165,GPS,,SYNTHETIC,,AIS,118.8,46.2,13.0,13.0
25/08/2026 10:32:50,Class A,999100015,54.471802,11.364881,Under way using engine,0.0,11.9,250.0,250,Unknown,S0015,SYNTH OSCAR,Cargo,Undefined,31,205,GPS,,SYNTHETIC,,AIS,147.6,57.4,15.5,15.5
25/08/2026 10:32:50,Class A,999100016,54.484741,11.252962,Under way using engine,0.0,10.2,70.0,70,Unknown,S0016,SYNTH PAPA,Tanker,Undefined,27,175,GPS,,SYNTHETIC,,AIS,126.0,49.0,13.5,13.5
25/08/2026 10:33:00,Class A,999100001,54.578864,11.296500,Under way using engine,0.0,12.4,68.0,68,Unknown,S0001,SYNTH ALPHA,Cargo,Undefined,28,180,GPS,,SYNTHETIC,,AIS,129.6,50.4,14.0,14.0
25/08/2026 10:33:00,Class A,999100002,54.594392,11.330329,Under way using engine,0.0,11.1,247.0,247,Unknown,S0002,SYNTH BRAVO,Tanker,Undefined,32,228,GPS,,SYNTHETIC,,AIS,164.2,63.8,16.0,16.0
25/08/2026 10:33:00,Class A,999100003,54.568654,11.325295,Under way using engine,0.0,9.8,71.0,71,Unknown,S0003,SYNTH CHARLIE,Cargo,Undefined,16,96,GPS,,SYNTHETIC,,AIS,69.1,26.9,8.0,8.0
25/08/2026 10:33:00,Class A,999100004,54.591983,11.288979,Under way using engine,0.0,16.2,195.0,195,Unknown,S0004,SYNTH DELTA,Passenger,Undefined,24,142,GPS,,SYNTHETIC,,AIS,102.2,39.8,12.0,12.0
25/08/2026 10:33:00,Class A,999100005,54.591422,11.352962,Under way using engine,0.0,6.4,310.0,310,Unknown,S0005,SYNTH ECHO,Fishing,Undefined,7,26,GPS,,SYNTHETIC,,AIS,18.7,7.3,3.5,3.5
25/08/2026 10:33:00,Class A,999100006,54.580500,11.321574,At anchor,0.0,0.4,90.0,90,Unknown,S0006,SYNTH FOXTROT,Tug,Undefined,11,34,GPS,,SYNTHETIC,,AIS,24.5,9.5,5.5,5.5
25/08/2026 10:33:00,Class A,999100007,54.596996,11.287679,Under way using engine,0.0,13.7,64.0,64,Unknown,S0007,SYNTH GOLF,Tanker,Undefined,42,245,GPS,,SYNTHETIC,,AIS,176.4,68.6,21.0,21.0
25/08/2026 10:33:00,Class A,999100008,54.581767,11.332225,Under way using engine,0.0,3.1,150.0,150,Unknown,S0008,SYNTH HOTEL,Fishing,Undefined,6,22,GPS,,SYNTHETIC,,AIS,15.8,6.2,3.0,3.0
25/08/2026 10:33:00,Class A,999100009,54.615305,11.165074,Under way using engine,0.0,10.5,88.0,88,Unknown,S0009,SYNTH INDIA,Cargo,Undefined,23,155,GPS,,SYNTHETIC,,AIS,111.6,43.4,11.5,11.5
25/08/2026 10:33:00,Class A,999100010,54.621628,11.511621,Under way using engine,0.0,12.8,268.0,268,Unknown,S0010,SYNTH JULIET,Tanker,Undefined,30,190,GPS,,SYNTHETIC,,AIS,136.8,53.2,15.0,15.0
25/08/2026 10:33:00,Class A,999100011,54.633375,11.176562,Under way using engine,0.0,4.2,15.0,15,Unknown,S0011,SYNTH KILO,Fishing,Undefined,6,19,GPS,,SYNTHETIC,,AIS,13.7,5.3,3.0,3.0
25/08/2026 10:33:00,Class A,999100012,54.611043,11.495627,Under way using engine,0.0,8.9,200.0,200,Unknown,S0012,SYNTH LIMA,Cargo,Undefined,18,110,GPS,,SYNTHETIC,,AIS,79.2,30.8,9.0,9.0
25/08/2026 10:33:00,Class A,999100013,54.639299,11.207296,Under way using engine,0.0,5.5,340.0,340,Unknown,S0013,SYNTH MIKE,Tug,Undefined,10,30,GPS,,SYNTHETIC,,AIS,21.6,8.4,5.0,5.0
25/08/2026 10:33:00,Class A,999100014,54.475535,11.304130,Under way using engine,0.0,17.4,182.0,182,Unknown,S0014,SYNTH NOVEMBER,Passenger,Undefined,26,165,GPS,,SYNTHETIC,,AIS,118.8,46.2,13.0,13.0
25/08/2026 10:33:00,Class A,999100015,54.471614,11.363992,Under way using engine,0.0,11.9,250.0,250,Unknown,S0015,SYNTH OSCAR,Cargo,Undefined,31,205,GPS,,SYNTHETIC,,AIS,147.6,57.4,15.5,15.5
25/08/2026 10:33:00,Class A,999100016,54.484902,11.253724,Under way using engine,0.0,10.2,70.0,70,Unknown,S0016,SYNTH PAPA,Tanker,Undefined,27,175,GPS,,SYNTHETIC,,AIS,126.0,49.0,13.5,13.5
25/08/2026 10:33:10,Class A,999100001,54.579079,11.297417,Under way using engine,0.0,12.4,68.0,68,Unknown,S0001,SYNTH ALPHA,Cargo,Undefined,28,180,GPS,,SYNTHETIC,,AIS,129.6,50.4,14.0,14.0
25/08/2026 10:33:10,Class A,999100002,54.594192,11.329514,Under way using engine,0.0,11.1,247.0,247,Unknown,S0002,SYNTH BRAVO,Tanker,Undefined,32,228,GPS,,SYNTHETIC,,AIS,164.2,63.8,16.0,16.0
25/08/2026 10:33:10,Class A,999100003,54.568801,11.326034,Under way using engine,0.0,9.8,71.0,71,Unknown,S0003,SYNTH CHARLIE,Cargo,Undefined,16,96,GPS,,SYNTHETIC,,AIS,69.1,26.9,8.0,8.0
25/08/2026 10:33:10,Class A,999100004,54.591260,11.288645,Under way using engine,0.0,16.2,195.0,195,Unknown,S0004,SYNTH DELTA,Passenger,Undefined,24,142,GPS,,SYNTHETIC,,AIS,102.2,39.8,12.0,12.0
25/08/2026 10:33:10,Class A,999100005,54.591612,11.352571,Under way using engine,0.0,6.4,310.0,310,Unknown,S0005,SYNTH ECHO,Fishing,Undefined,7,26,GPS,,SYNTHETIC,,AIS,18.7,7.3,3.5,3.5
25/08/2026 10:33:10,Class A,999100006,54.580500,11.321606,At anchor,0.0,0.4,90.0,90,Unknown,S0006,SYNTH FOXTROT,Tug,Undefined,11,34,GPS,,SYNTHETIC,,AIS,24.5,9.5,5.5,5.5
25/08/2026 10:33:10,Class A,999100007,54.597273,11.288662,Under way using engine,0.0,13.7,64.0,64,Unknown,S0007,SYNTH GOLF,Tanker,Undefined,42,245,GPS,,SYNTHETIC,,AIS,176.4,68.6,21.0,21.0
25/08/2026 10:33:10,Class A,999100008,54.581643,11.332348,Under way using engine,0.0,3.1,150.0,150,Unknown,S0008,SYNTH HOTEL,Fishing,Undefined,6,22,GPS,,SYNTHETIC,,AIS,15.8,6.2,3.0,3.0
25/08/2026 10:33:10,Class A,999100009,54.615322,11.165912,Under way using engine,0.0,10.5,88.0,88,Unknown,S0009,SYNTH INDIA,Cargo,Undefined,23,155,GPS,,SYNTHETIC,,AIS,111.6,43.4,11.5,11.5
25/08/2026 10:33:10,Class A,999100010,54.621608,11.510600,Under way using engine,0.0,12.8,268.0,268,Unknown,S0010,SYNTH JULIET,Tanker,Undefined,30,190,GPS,,SYNTHETIC,,AIS,136.8,53.2,15.0,15.0
25/08/2026 10:33:10,Class A,999100011,54.633562,11.176649,Under way using engine,0.0,4.2,15.0,15,Unknown,S0011,SYNTH KILO,Fishing,Undefined,6,19,GPS,,SYNTHETIC,,AIS,13.7,5.3,3.0,3.0
25/08/2026 10:33:10,Class A,999100012,54.610657,11.495384,Under way using engine,0.0,8.9,200.0,200,Unknown,S0012,SYNTH LIMA,Cargo,Undefined,18,110,GPS,,SYNTHETIC,,AIS,79.2,30.8,9.0,9.0
25/08/2026 10:33:10,Class A,999100013,54.639538,11.207146,Under way using engine,0.0,5.5,340.0,340,Unknown,S0013,SYNTH MIKE,Tug,Undefined,10,30,GPS,,SYNTHETIC,,AIS,21.6,8.4,5.0,5.0
25/08/2026 10:33:10,Class A,999100014,54.474731,11.304082,Under way using engine,0.0,17.4,182.0,182,Unknown,S0014,SYNTH NOVEMBER,Passenger,Undefined,26,165,GPS,,SYNTHETIC,,AIS,118.8,46.2,13.0,13.0
25/08/2026 10:33:10,Class A,999100015,54.471426,11.363103,Under way using engine,0.0,11.9,250.0,250,Unknown,S0015,SYNTH OSCAR,Cargo,Undefined,31,205,GPS,,SYNTHETIC,,AIS,147.6,57.4,15.5,15.5
25/08/2026 10:33:10,Class A,999100016,54.485063,11.254487,Under way using engine,0.0,10.2,70.0,70,Unknown,S0016,SYNTH PAPA,Tanker,Undefined,27,175,GPS,,SYNTHETIC,,AIS,126.0,49.0,13.5,13.5
25/08/2026 10:33:20,Class A,999100001,54.579293,11.298334,Under way using engine,0.0,12.4,68.0,68,Unknown,S0001,SYNTH ALPHA,Cargo,Undefined,28,180,GPS,,SYNTHETIC,,AIS,129.6,50.4,14.0,14.0
25/08/2026 10:33:20,Class A,999100002,54.593991,11.328699,Under way using engine,0.0,11.1,247.0,247,Unknown,S0002,SYNTH BRAVO,Tanker,Undefined,32,228,GPS,,SYNTHETIC,,AIS,164.2,63.8,16.0,16.0
25/08/2026 10:33:20,Class A,999100003,54.568949,11.326773,Under way using engine,0.0,9.8,71.0,71,Unknown,S0003,SYNTH CHARLIE,Cargo,Undefined,16,96,GPS,,SYNTHETIC,,AIS,69.1,26.9,8.0,8.0
25/08/2026 10:33:20,Class A,999100004,54.590537,11.288310,Under way using engine,0.0,16.2,195.0,195,Unknown,S0004,SYNTH DELTA,Passenger,Undefined,24,142,GPS,,SYNTHETIC,,AIS,102.2,39.8,12.0,12.0
25/08/2026 10:33:20,Class A,999100005,54.591802,11.352180,Under way using engine,0.0,6.4,310.0,310,Unknown,S0005,SYNTH ECHO,Fishing,Undefined,7,26,GPS,,SYNTHETIC,,AIS,18.7,7.3,3.5,3.5
25/08/2026 10:33:20,Class A,999100006,54.580500,11.321638,At anchor,0.0,0.4,90.0,90,Unknown,S0006,SYNTH FOXTROT,Tug,Undefined,11,34,GPS,,SYNTHETIC,,AIS,24.5,9.5,5.5,5.5
25/08/2026 10:33:20,Class A,999100007,54.597551,11.289644,Under way using engine,0.0,13.7,64.0,64,Unknown,S0007,SYNTH GOLF,Tanker,Undefined,42,245,GPS,,SYNTHETIC,,AIS,176.4,68.6,21.0,21.0
25/08/2026 10:33:20,Class A,999100008,54.581519,11.332472,Under way using engine,0.0,3.1,150.0,150,Unknown,S0008,SYNTH HOTEL,Fishing,Undefined,6,22,GPS,,SYNTHETIC,,AIS,15.8,6.2,3.0,3.0
25/08/2026 10:33:20,Class A,999100009,54.615339,11.166749,Under way using engine,0.0,10.5,88.0,88,Unknown,S0009,SYNTH INDIA,Cargo,Undefined,23,155,GPS,,SYNTHETIC,,AIS,111.6,43.4,11.5,11.5
25/08/2026 10:33:20,Class A,999100010,54.621587,11.509579,Under way using engine,0.0,12.8,268.0,268,Unknown,S0010,SYNTH JULIET,Tanker,Undefined,30,190,GPS,,SYNTHETIC,,AIS,136.8,53.2,15.0,15.0
25/08/2026 10:33:20,Class A,999100011,54.633750,11.176736,Under way using engine,0.0,4.2,15.0,15,Unknown,S0011,SYNTH KILO,Fishing,Undefined,6,19,GPS,,SYNTHETIC,,AIS,13.7,5.3,3.0,3.0
25/08/2026 10:33:20,Class A,999100012,54.610270,11.495142,Under way using engine,0.0,8.9,200.0,200,Unknown,S0012,SYNTH LIMA,Cargo,Undefined,18,110,GPS,,SYNTHETIC,,AIS,79.2,30.8,9.0,9.0
25/08/2026 10:33:20,Class A,999100013,54.639777,11.206996,Under way using engine,0.0,5.5,340.0,340,Unknown,S0013,SYNTH MIKE,Tug,Undefined,10,30,GPS,,SYNTHETIC,,AIS,21.6,8.4,5.0,5.0
25/08/2026 10:33:20,Class A,999100014,54.473928,11.304034,Under way using engine,0.0,17.4,182.0,182,Unknown,S0014,SYNTH NOVEMBER,Passenger,Undefined,26,165,GPS,,SYNTHETIC,,AIS,118.8,46.2,13.0,13.0
25/08/2026 10:33:20,Class A,999100015,54.471238,11.362214,Under way using engine,0.0,11.9,250.0,250,Unknown,S0015,SYNTH OSCAR,Cargo,Undefined,31,205,GPS,,SYNTHETIC,,AIS,147.6,57.4,15.5,15.5
25/08/2026 10:33:20,Class A,999100016,54.485224,11.255249,Under way using engine,0.0,10.2,70.0,70,Unknown,S0016,SYNTH PAPA,Tanker,Undefined,27,175,GPS,,SYNTHETIC,,AIS,126.0,49.0,13.5,13.5
25/08/2026 10:33:30,Class A,999100001,54.579508,11.299250,Under way using engine,0.0,12.4,68.0,68,Unknown,S0001,SYNTH ALPHA,Cargo,Undefined,28,180,GPS,,SYNTHETIC,,AIS,129.6,50.4,14.0,14.0
25/08/2026 10:33:30,Class A,999100002,54.593791,11.327884,Under way using engine,0.0,11.1,247.0,247,Unknown,S0002,SYNTH BRAVO,Tanker,Undefined,32,228,GPS,,SYNTHETIC,,AIS,164.2,63.8,16.0,16.0
25/08/2026 10:33:30,Class A,999100003,54.569096,11.327511,Under way using engine,0.0,9.8,71.0,71,Unknown,S0003,SYNTH CHARLIE,Cargo,Undefined,16,96,GPS,,SYNTHETIC,,AIS,69.1,26.9,8.0,8.0
25/08/2026 10:33:30,Class A,999100004,54.589814,11.287976,Under way using engine,0.0,16.2,195.0,195,Unknown,S0004,SYNTH DELTA,Passenger,Undefined,24,142,GPS,,SYNTHETIC,,AIS,102.2,39.8,12.0,12.0
25/08/2026 10:33:30,Class A,999100005,54.591992,11.351789,Under way using engine,0.0,6.4,310.0,310,Unknown,S0005,SYNTH ECHO,Fishing,Undefined,7,26,GPS,,SYNTHETIC,,AIS,18.7,7.3,3.5,3.5
25/08/2026 10:33:30,Class A,999100006,54.580500,11.321670,At anchor,0.0,0.4,90.0,90,Unknown,S0006,SYNTH FOXTROT,Tug,Undefined,11,34,GPS,,SYNTHETIC,,AIS,24.5,9.5,5.5,5.5
25/08/2026 10:33:30,Class A,999100007,54.597828,11.290626,Under way using engine,0.0,13.7,64.0,64,Unknown,S0007,SYNTH GOLF,Tanker,Undefined,42,245,GPS,,SYNTHETIC,,AIS,176.4,68.6,21.0,21.0
25/08/2026 10:33:30,Class A,999100008,54.581395,11.332596,Under way using engine,0.0,3.1,150.0,150,Unknown,S0008,SYNTH HOTEL,Fishing,Undefined,6,22,GPS,,SYNTHETIC,,AIS,15.8,6.2,3.0,3.0
25/08/2026 10:33:30,Class A,999100009,54.615356,11.167587,Under way using engine,0.0,10.5,88.0,88,Unknown,S0009,SYNTH INDIA,Cargo,Undefined,23,155,GPS,,SYNTHETIC,,AIS,111.6,43.4,11.5,11.5
25/08/2026 10:33:30,Class A,999100010,54.621566,11.508558,Under way using engine,0.0,12.8,268.0,268,Unknown,S0010,SYNTH JULIET,Tanker,Undefined,30,190,GPS,,SYNTHETIC,,AIS,136.8,53.2,15.0,15.0
25/08/2026 10:33:30,Class A,999100011,54.633937,11.176823,Under way using engine,0.0,4.2,15.0,15,Unknown,S0011,SYNTH KILO,Fishing,Undefined,6,19,GPS,,SYNTHETIC,,AIS,13.7,5.3,3.0,3.0
25/08/2026 10:33:30,Class A,999100012,54.609884,11.494899,Under way using engine,0.0,8.9,200.0,200,Unknown,S0012,SYNTH LIMA,Cargo,Undefined,18,110,GPS,,SYNTHETIC,,AIS,79.2,30.8,9.0,9.0
25/08/2026 10:33:30,Class A,999100013,54.640016,11.206846,Under way using engine,0.0,5.5,340.0,340,Unknown,S0013,SYNTH MIKE,Tug,Undefined,10,30,GPS,,SYNTHETIC,,AIS,21.6,8.4,5.0,5.0
25/08/2026 10:33:30,Class A,999100014,54.473124,11.303986,Under way using engine,0.0,17.4,182.0,182,Unknown,S0014,SYNTH NOVEMBER,Passenger,Undefined,26,165,GPS,,SYNTHETIC,,AIS,118.8,46.2,13.0,13.0
25/08/2026 10:33:30,Class A,999100015,54.471050,11.361324,Under way using engine,0.0,11.9,250.0,250,Unknown,S0015,SYNTH OSCAR,Cargo,Undefined,31,205,GPS,,SYNTHETIC,,AIS,147.6,57.4,15.5,15.5
25/08/2026 10:33:30,Class A,999100016,54.485386,11.256012,Under way using engine,0.0,10.2,70.0,70,Unknown,S0016,SYNTH PAPA,Tanker,Undefined,27,175,GPS,,SYNTHETIC,,AIS,126.0,49.0,13.5,13.5
25/08/2026 10:33:40,Class A,999100001,54.579723,11.300167,Under way using engine,0.0,12.4,68.0,68,Unknown,S0001,SYNTH ALPHA,Cargo,Undefined,28,180,GPS,,SYNTHETIC,,AIS,129.6,50.4,14.0,14.0
25/08/2026 10:33:40,Class A,999100002,54.593591,11.327069,Under way using engine,0.0,11.1,247.0,247,Unknown,S0002,SYNTH BRAVO,Tanker,Undefined,32,228,GPS,,SYNTHETIC,,AIS,164.2,63.8,16.0,16.0
25/08/2026 10:33:40,Class A,999100003,54.569244,11.328250,Under way using engine,0.0,9.8,71.0,71,Unknown,S0003,SYNTH CHARLIE,Cargo,Undefined,16,96,GPS,,SYNTHETIC,,AIS,69.1,26.9,8.0,8.0
25/08/2026 10:33:40,Class A,999100004,54.589091,11.287642,Under way using engine,0.0,16.2,195.0,195,Unknown,S0004,SYNTH DELTA,Passenger,Undefined,24,142,GPS,,SYNTHETIC,,AIS,102.2,39.8,12.0,12.0
25/08/2026 10:33:40,Class A,999100005,54.592182,11.351397,Under way using engine,0.0,6.4,310.0,310,Unknown,S0005,SYNTH ECHO,Fishing,Undefined,7,26,GPS,,SYNTHETIC,,AIS,18.7,7.3,3.5,3.5
25/08/2026 10:33:40,Class A,999100006,54.580500,11.321702,At anchor,0.0,0.4,90.0,90,Unknown,S0006,SYNTH FOXTROT,Tug,Undefined,11,34,GPS,,SYNTHETIC,,AIS,24.5,9.5,5.5,5.5
25/08/2026 10:33:40,Class A,999100007,54.598106,11.291609,Under way using engine,0.0,13.7,64.0,64,Unknown,S0007,SYNTH GOLF,Tanker,Undefined,42,245,GPS,,SYNTHETIC,,AIS,176.4,68.6,21.0,21.0
25/08/2026 10:33:40,Class A,999100008,54.581271,11.332719,Under way using engine,0.0,3.1,150.0,150,Unknown,S0008,SYNTH HOTEL,Fishing,Undefined,6,22,GPS,,SYNTHETIC,,AIS,15.8,6.2,3.0,3.0
25/08/2026 10:33:40,Class A,999100009,54.615373,11.168424,Under way using engine,0.0,10.5,88.0,88,Unknown,S0009,SYNTH INDIA,Cargo,Undefined,23,155,GPS,,SYNTHETIC,,AIS,111.6,43.4,11.5,11.5
25/08/2026 10:33:40,Class A,999100010,54.621546,11.507537,Under way using engine,0.0,12.8,268.0,268,Unknown,S0010,SYNTH JULIET,Tanker,Undefined,30,190,GPS,,SYNTHETIC,,AIS,136.8,53.2,15.0,15.0
25/08/2026 10:33:40,Class A,999100011,54.634125,11.176909,Under way using engine,0.0,4.2,15.0,15,Unknown,S0011,SYNTH KILO,Fishing,Undefined,6,19,GPS,,SYNTHETIC,,AIS,13.7,5.3,3.0,3.0
25/08/2026 10:33:40,Class A,999100012,54.609497,11.494656,Under way using engine,0.0,8.9,200.0,200,Unknown,S0012,SYNTH LIMA,Cargo,Undefined,18,110,GPS,,SYNTHETIC,,AIS,79.2,30.8,9.0,9.0
25/08/2026 10:33:40,Class A,999100013,54.640255,11.206695,Under way using engine,0.0,5.5,340.0,340,Unknown,S0013,SYNTH MIKE,Tug,Undefined,10,30,GPS,,SYNTHETIC,,AIS,21.6,8.4,5.0,5.0
25/08/2026 10:33:40,Class A,999100014,54.472320,11.303937,Under way using engine,0.0,17.4,182.0,182,Unknown,S0014,SYNTH NOVEMBER,Passenger,Undefined,26,165,GPS,,SYNTHETIC,,AIS,118.8,46.2,13.0,13.0
25/08/2026 10:33:40,Class A,999100015,54.470862,11.360435,Under way using engine,0.0,11.9,250.0,250,Unknown,S0015,SYNTH OSCAR,Cargo,Undefined,31,205,GPS,,SYNTHETIC,,AIS,147.6,57.4,15.5,15.5
25/08/2026 10:33:40,Class A,999100016,54.485547,11.256774,Under way using engine,0.0,10.2,70.0,70,Unknown,S0016,SYNTH PAPA,Tanker,Undefined,27,175,GPS,,SYNTHETIC,,AIS,126.0,49.0,13.5,13.5
25/08/2026 10:33:50,Class A,999100001,54.579937,11.301084,Under way using engine,0.0,12.4,68.0,68,Unknown,S0001,SYNTH ALPHA,Cargo,Undefined,28,180,GPS,,SYNTHETIC,,AIS,129.6,50.4,14.0,14.0
25/08/2026 10:33:50,Class A,999100002,54.593390,11.326254,Under way using engine,0.0,11.1,247.0,247,Unknown,S0002,SYNTH BRAVO,Tanker,Undefined,32,228,GPS,,SYNTHETIC,,AIS,164.2,63.8,16.0,16.0
25/08/2026 10:33:50,Class A,999100003,54.569391,11.328988,Under way using engine,0.0,9.8,71.0,71,Unknown,S0003,SYNTH CHARLIE,Cargo,Undefined,16,96,GPS,,SYNTHETIC,,AIS,69.1,26.9,8.0,8.0
25/08/2026 10:33:50,Class A,999100004,54.588368,11.287307,Under way using engine,0.0,16.2,195.0,195,Unknown,S0004,SYNTH DELTA,Passenger,Undefined,24,142,GPS,,SYNTHETIC,,AIS,102.2,39.8,12.0,12.0
25/08/2026 10:33:50,Class A,999100005,54.592373,11.351006,Under way using engine,0.0,6.4,310.0,310,Unknown,S0005,SYNTH ECHO,Fishing,Undefined,7,26,GPS,,SYNTHETIC,,AIS,18.7,7.3,3.5,3.5
25/08/2026 10:33:50,Class A,999100006,54.580500,11.321734,At anchor,0.0,0.4,90.0,90,Unknown,S0006,SYNTH FOXTROT,Tug,Undefined,11,34,GPS,,SYNTHETIC,,AIS,24.5,9.5,5.5,5.5
25/08/2026 10:33:50,Class A,999100007,54.598383,11.292591,Under way using engine,0.0,13.7,64.0,64,Unknown,S0007,SYNTH GOLF,Tanker,Undefined,42,245,GPS,,SYNTHETIC,,AIS,176.4,68.6,21.0,21.0
25/08/2026 10:33:50,Class A,999100008,54.581146,11.332843,Under way using engine,0.0,3.1,150.0,150,Unknown,S0008,SYNTH HOTEL,Fishing,Undefined,6,22,GPS,,SYNTHETIC,,AIS,15.8,6.2,3.0,3.0
25/08/2026 10:33:50,Class A,999100009,54.615389,11.169261,Under way using engine,0.0,10.5,88.0,88,Unknown,S0009,SYNTH INDIA,Cargo,Undefined,23,155,GPS,,SYNTHETIC,,AIS,111.6,43.4,11.5,11.5
25/08/2026 10:33:50,Class A,999100010,54.621525,11.506516,Under way using engine,0.0,12.8,268.0,268,Unknown,S0010,SYNTH JULIET,Tanker,Undefined,30,190,GPS,,SYNTHETIC,,AIS,136.8,53.2,15.0,15.0
25/08/2026 10:33:50,Class A,999100011,54.634312,11.176996,Under way using engine,0.0,4.2,15.0,15,Unknown,S0011,SYNTH KILO,Fishing,Undefined,6,19,GPS,,SYNTHETIC,,AIS,13.7,5.3,3.0,3.0
25/08/2026 10:33:50,Class A,999100012,54.609111,11.494413,Under way using engine,0.0,8.9,200.0,200,Unknown,S0012,SYNTH LIMA,Cargo,Undefined,18,110,GPS,,SYNTHETIC,,AIS,79.2,30.8,9.0,9.0
25/08/2026 10:33:50,Class A,999100013,54.640493,11.206545,Under way using engine,0.0,5.5,340.0,340,Unknown,S0013,SYNTH MIKE,Tug,Undefined,10,30,GPS,,SYNTHETIC,,AIS,21.6,8.4,5.0,5.0
25/08/2026 10:33:50,Class A,999100014,54.471517,11.303889,Under way using engine,0.0,17.4,182.0,182,Unknown,S0014,SYNTH NOVEMBER,Passenger,Undefined,26,165,GPS,,SYNTHETIC,,AIS,118.8,46.2,13.0,13.0
25/08/2026 10:33:50,Class A,999100015,54.470674,11.359546,Under way using engine,0.0,11.9,250.0,250,Unknown,S0015,SYNTH OSCAR,Cargo,Undefined,31,205,GPS,,SYNTHETIC,,AIS,147.6,57.4,15.5,15.5
25/08/2026 10:33:50,Class A,999100016,54.485708,11.257537,Under way using engine,0.0,10.2,70.0,70,Unknown,S0016,SYNTH PAPA,Tanker,Undefined,27,175,GPS,,SYNTHETIC,,AIS,126.0,49.0,13.5,13.5
25/08/2026 10:34:00,Class A,999100001,54.580152,11.302001,Under way using engine,0.0,12.4,68.0,68,Unknown,S0001,SYNTH ALPHA,Cargo,Undefined,28,180,GPS,,SYNTHETIC,,AIS,129.6,50.4,14.0,14.0
25/08/2026 10:34:00,Class A,999100002,54.593190,11.325439,Under way using engine,0.0,11.1,247.0,247,Unknown,S0002,SYNTH BRAVO,Tanker,Undefined,32,228,GPS,,SYNTHETIC,,AIS,164.2,63.8,16.0,16.0
25/08/2026 10:34:00,Class A,999100003,54.569539,11.329727,Under way using engine,0.0,9.8,71.0,71,Unknown,S0003,SYNTH CHARLIE,Cargo,Undefined,16,96,GPS,,SYNTHETIC,,AIS,69.1,26.9,8.0,8.0
25/08/2026 10:34:00,Class A,999100004,54.587645,11.286973,Under way using engine,0.0,16.2,195.0,195,Unknown,S0004,SYNTH DELTA,Passenger,Undefined,24,142,GPS,,SYNTHETIC,,AIS,102.2,39.8,12.0,12.0
25/08/2026 10:34:00,Class A,999100005,54.592563,11.350615,Under way using engine,0.0,6.4,310.0,310,Unknown,S0005,SYNTH ECHO,Fishing,Undefined,7,26,GPS,,SYNTHETIC,,AIS,18.7,7.3,3.5,3.5
25/08/2026 10:34:00,Class A,999100006,54.580500,11.321765,At anchor,0.0,0.4,90.0,90,Unknown,S0006,SYNTH FOXTROT,Tug,Undefined,11,34,GPS,,SYNTHETIC,,AIS,24.5,9.5,5.5,5.5
25/08/2026 10:34:00,Class A,999100007,54.598661,11.293573,Under way using engine,0.0,13.7,64.0,64,Unknown,S0007,SYNTH GOLF,Tanker,Undefined,42,245,GPS,,SYNTHETIC,,AIS,176.4,68.6,21.0,21.0
25/08/2026 10:34:00,Class A,999100008,54.581022,11.332966,Under way using engine,0.0,3.1,150.0,150,Unknown,S0008,SYNTH HOTEL,Fishing,Undefined,6,22,GPS,,SYNTHETIC,,AIS,15.8,6.2,3.0,3.0
25/08/2026 10:34:00,Class A,999100009,54.615406,11.170099,Under way using engine,0.0,10.5,88.0,88,Unknown,S0009,SYNTH INDIA,Cargo,Undefined,23,155,GPS,,SYNTHETIC,,AIS,111.6,43.4,11.5,11.5
25/08/2026 10:34:00,Class A,999100010,54.621505,11.505494,Under way using engine,0.0,12.8,268.0,268,Unknown,S0010,SYNTH JULIET,Tanker,Undefined,30,190,GPS,,SYNTHETIC,,AIS,136.8,53.2,15.0,15.0
25/08/2026 10:34:00,Class A,999100011,54.634500,11.177083,Under way using engine,0.0,4.2,15.0,15,Unknown,S0011,SYNTH KILO,Fishing,Undefined,6,19,GPS,,SYNTHETIC,,AIS,13.7,5.3,3.0,3.0
25/08/2026 10:34:00,Class A,999100012,54.608724,11.494170,Under way using engine,0.0,8.9,200.0,200,Unknown,S0012,SYNTH LIMA,Cargo,Undefined,18,110,GPS,,SYNTHETIC,,AIS,79.2,30.8,9.0,9.0
25/08/2026 10:34:00,Class A,999100013,54.640732,11.206395,Under way using engine,0.0,5.5,340.0,340,Unknown,S0013,SYNTH MIKE,Tug,Undefined,10,30,GPS,,SYNTHETIC,,AIS,21.6,8.4,5.0,5.0
25/08/2026 10:34:00,Class A,999100014,54.470713,11.303841,Under way using engine,0.0,17.4,182.0,182,Unknown,S0014,SYNTH NOVEMBER,Passenger,Undefined,26,165,GPS,,SYNTHETIC,,AIS,118.8,46.2,13.0,13.0
25/08/2026 10:34:00,Class A,999100015,54.470486,11.358656,Under way using engine,0.0,11.9,250.0,250,Unknown,S0015,SYNTH OSCAR,Cargo,Undefined,31,205,GPS,,SYNTHETIC,,AIS,147.6,57.4,15.5,15.5
25/08/2026 10:34:00,Class A,999100016,54.485869,11.258299,Under way using engine,0.0,10.2,70.0,70,Unknown,S0016,SYNTH PAPA,Tanker,Undefined,27,175,GPS,,SYNTHETIC,,AIS,126.0,49.0,13.5,13.5
25/08/2026 10:34:10,Class A,999100001,54.580367,11.302917,Under way using engine,0.0,12.4,68.0,68,Unknown,S0001,SYNTH ALPHA,Cargo,Undefined,28,180,GPS,,SYNTHETIC,,AIS,129.6,50.4,14.0,14.0
25/08/2026 10:34:10,Class A,999100002,54.592989,11.324624,Under way using engine,0.0,11.1,247.0,247,Unknown,S0002,SYNTH BRAVO,Tanker,Undefined,32,228,GPS,,SYNTHETIC,,AIS,164.2,63.8,16.0,16.0
25/08/2026 10:34:10,Class A,999100003,54.569686,11.330466,Under way using engine,0.0,9.8,71.0,71,Unknown,S0003,SYNTH CHARLIE,Cargo,Undefined,16,96,GPS,,SYNTHETIC,,AIS,69.1,26.9,8.0,8.0
25/08/2026 10:34:10,Class A,999100004,54.586921,11.286638,Under way using engine,0.0,16.2,195.0,195,Unknown,S0004,SYNTH DELTA,Passenger,Undefined,24,142,GPS,,SYNTHETIC,,AIS,102.2,39.8,12.0,12.0
25/08/2026 10:34:10,Class A,999100005,54.592753,11.350224,Under way using engine,0.0,6.4,310.0,310,Unknown,S0005,SYNTH ECHO,Fishing,Undefined,7,26,GPS,,SYNTHETIC,,AIS,18.7,7.3,3.5,3.5
25/08/2026 10:34:10,Class A,999100006,54.580500,11.321797,At anchor,0.0,0.4,90.0,90,Unknown,S0006,SYNTH FOXTROT,Tug,Undefined,11,34,GPS,,SYNTHETIC,,AIS,24.5,9.5,5.5,5.5
25/08/2026 10:34:10,Class A,999100007,54.598939,11.294555,Under way using engine,0.0,13.7,64.0,64,Unknown,S0007,SYNTH GOLF,Tanker,Undefined,42,245,GPS,,SYNTHETIC,,AIS,176.4,68.6,21.0,21.0
25/08/2026 10:34:10,Class A,999100008,54.580898,11.333090,Under way using engine,0.0,3.1,150.0,150,Unknown,S0008,SYNTH HOTEL,Fishing,Undefined,6,22,GPS,,SYNTHETIC,,AIS,15.8,6.2,3.0,3.0
25/08/2026 10:34:10,Class A,999100009,54.615423,11.170936,Under way using engine,0.0,10.5,88.0,88,Unknown,S0009,SYNTH INDIA,Cargo,Undefined,23,155,GPS,,SYNTHETIC,,AIS,111.6,43.4,11.5,11.5
25/08/2026 10:34:10,Class A,999100010,54.621484,11.504473,Under way using engine,0.0,12.8,268.0,268,Unknown,S0010,SYNTH JULIET,Tanker,Undefined,30,190,GPS,,SYNTHETIC,,AIS,136.8,53.2,15.0,15.0
25/08/2026 10:34:10,Class A,999100011,54.634687,11.177170,Under way using engine,0.0,4.2,15.0,15,Unknown,S0011,SYNTH KILO,Fishing,Undefined,6,19,GPS,,SYNTHETIC,,AIS,13.7,5.3,3.0,3.0
25/08/2026 10:34:10,Class A,999100012,54.608338,11.493927,Under way using engine,0.0,8.9,200.0,200,Unknown,S0012,SYNTH LIMA,Cargo,Undefined,18,110,GPS,,SYNTHETIC,,AIS,79.2,30.8,9.0,9.0
25/08/2026 10:34:10,Class A,999100013,54.640971,11.206245,Under way using engine,0.0,5.5,340.0,340,Unknown,S0013,SYNTH MIKE,Tug,Undefined,10,30,GPS,,SYNTHETIC,,AIS,21.6,8.4,5.0,5.0
25/08/2026 10:34:10,Class A,999100014,54.469910,11.303792,Under way using engine,0.0,17.4,182.0,182,Unknown,S0014,SYNTH NOVEMBER,Passenger,Undefined,26,165,GPS,,SYNTHETIC,,AIS,118.8,46.2,13.0,13.0
25/08/2026 10:34:10,Class A,999100015,54.470298,11.357767,Under way using engine,0.0,11.9,250.0,250,Unknown,S0015,SYNTH OSCAR,Cargo,Undefined,31,205,GPS,,SYNTHETIC,,AIS,147.6,57.4,15.5,15.5
25/08/2026 10:34:10,Class A,999100016,54.486030,11.259062,Under way using engine,0.0,10.2,70.0,70,Unknown,S0016,SYNTH PAPA,Tanker,Undefined,27,175,GPS,,SYNTHETIC,,AIS,126.0,49.0,13.5,13.5
25/08/2026 10:34:20,Class A,999100001,54.580581,11.303834,Under way using engine,0.0,12.4,68.0,68,Unknown,S0001,SYNTH ALPHA,Cargo,Undefined,28,180,GPS,,SYNTHETIC,,AIS,129.6,50.4,14.0,14.0
25/08/2026 10:34:20,Class A,999100002,54.592789,11.323809,Under way using engine,0.0,11.1,247.0,247,Unknown,S0002,SYNTH BRAVO,Tanker,Undefined,32,228,GPS,,SYNTHETIC,,AIS,164.2,63.8,16.0,16.0
25/08/2026 10:34:20,Class A,999100003,54.569834,11.331204,Under way using engine,0.0,9.8,71.0,71,Unknown,S0003,SYNTH CHARLIE,Cargo,Undefined,16,96,GPS,,SYNTHETIC,,AIS,69.1,26.9,8.0,8.0
25/08/2026 10:34:20,Class A,999100004,54.586198,11.286304,Under way using engine,0.0,16.2,195.0,195,Unknown,S0004,SYNTH DELTA,Passenger,Undefined,24,142,GPS,,SYNTHETIC,,AIS,102.2,39.8,12.0,12.0
25/08/2026 10:34:20,Class A,999100005,54.592943,11.349833,Under way using engine,0.0,6.4,310.0,310,Unknown,S0005,SYNTH ECHO,Fishing,Undefined,7,26,GPS,,SYNTHETIC,,AIS,18.7,7.3,3.5,3.5
25/08/2026 10:34:20,Class A,999100006,54.580500,11.321829,At anchor,0.0,0.4,90.0,90,Unknown,S0006,SYNTH FOXTROT,Tug,Undefined,11,34,GPS,,SYNTHETIC,,AIS,24.5,9.5,5.5,5.5
25/08/2026 10:34:20,Class A,999100007,54.599216,11.295538,Under way using engine,0.0,13.7,64.0,64,Unknown,S0007,SYNTH GOLF,Tanker,Undefined,42,245,GPS,,SYNTHETIC,,AIS,176.4,68.6,21.0,21.0
25/08/2026 10:34:20,Class A,999100008,54.580774,11.333214,Under way using engine,0.0,3.1,150.0,150,Unknown,S0008,SYNTH HOTEL,Fishing,Undefined,6,22,GPS,,SYNTHETIC,,AIS,15.8,6.2,3.0,3.0
25/08/2026 10:34:20,Class A,999100009,54.615440,11.171774,Under way using engine,0.0,10.5,88.0,88,Unknown,S0009,SYNTH INDIA,Cargo,Undefined,23,155,GPS,,SYNTHETIC,,AIS,111.6,43.4,11.5,11.5
25/08/2026 10:34:20,Class A,999100010,54.621463,11.503452,Under way using engine,0.0,12.8,268.0,268,Unknown,S0010,SYNTH JULIET,Tanker,Undefined,30,190,GPS,,SYNTHETIC,,AIS,136.8,53.2,15.0,15.0
25/08/2026 10:34:20,Class A,999100011,54.634875,11.177257,Under way using engine,0.0,4.2,15.0,15,Unknown,S0011,SYNTH KILO,Fishing,Undefined,6,19,GPS,,SYNTHETIC,,AIS,13.7,5.3,3.0,3.0
25/08/2026 10:34:20,Class A,999100012,54.607951,11.493684,Under way using engine,0.0,8.9,200.0,200,Unknown,S0012,SYNTH LIMA,Cargo,Undefined,18,110,GPS,,SYNTHETIC,,AIS,79.2,30.8,9.0,9.0
25/08/2026 10:34:20,Class A,999100013,54.641210,11.206095,Under way using engine,0.0,5.5,340.0,340,Unknown,S0013,SYNTH MIKE,Tug,Undefined,10,30,GPS,,SYNTHETIC,,AIS,21.6,8.4,5.0,5.0
25/08/2026 10:34:20,Class A,999100014,54.469106,11.303744,Under way using engine,0.0,17.4,182.0,182,Unknown,S0014,SYNTH NOVEMBER,Passenger,Undefined,26,165,GPS,,SYNTHETIC,,AIS,118.8,46.2,13.0,13.0
25/08/2026 10:34:20,Class A,999100015,54.470110,11.356878,Under way using engine,0.0,11.9,250.0,250,Unknown,S0015,SYNTH OSCAR,Cargo,Undefined,31,205,GPS,,SYNTHETIC,,AIS,147.6,57.4,15.5,15.5
25/08/2026 10:34:20,Class A,999100016,54.486192,11.259824,Under way using engine,0.0,10.2,70.0,70,Unknown,S0016,SYNTH PAPA,Tanker,Undefined,27,175,GPS,,SYNTHETIC,,AIS,126.0,49.0,13.5,13.5
25/08/2026 10:34:30,Class A,999100001,54.580796,11.304751,Under way using engine,0.0,12.4,68.0,68,Unknown,S0001,SYNTH ALPHA,Cargo,Undefined,28,180,GPS,,SYNTHETIC,,AIS,129.6,50.4,14.0,14.0
25/08/2026 10:34:30,Class A,999100002,54.592588,11.322994,Under way using engine,0.0,11.1,247.0,247,Unknown,S0002,SYNTH BRAVO,Tanker,Undefined,32,228,GPS,,SYNTHETIC,,AIS,164.2,63.8,16.0,16.0
25/08/2026 10:34:30,Class A,999100003,54.569981,11.331943,Under way using engine,0.0,9.8,71.0,71,Unknown,S0003,SYNTH CHARLIE,Cargo,Undefined,16,96,GPS,,SYNTHETIC,,AIS,69.1,26.9,8.0,8.0
25/08/2026 10:34:30,Class A,999100004,54.585475,11.285970,Under way using engine,0.0,16.2,195.0,195,Unknown,S0004,SYNTH DELTA,Passenger,Undefined,24,142,GPS,,SYNTHETIC,,AIS,102.2,39.8,12.0,12.0
25/08/2026 10:34:30,Class A,999100005,54.593133,11.349442,Under way using engine,0.0,6.4,310.0,310,Unknown,S0005,SYNTH ECHO,Fishing,Undefined,7,26,GPS,,SYNTHETIC,,AIS,18.7,7.3,3.5,3.5
25/08/2026 10:34:30,Class A,999100006,54.580500,11.321861,At anchor,0.0,0.4,90.0,90,Unknown,S0006,SYNTH FOXTROT,Tug,Undefined,11,34,GPS,,SYNTHETIC,,AIS,24.5,9.5,5.5,5.5
25/08/2026 10:34:30,Class A,999100007,54.599494,11.296520,Under way using engine,0.0,13.7,64.0,64,Unknown,S0007,SYNTH GOLF,Tanker,Undefined,42,245,GPS,,SYNTHETIC,,AIS,176.4,68.6,21.0,21.0
25/08/2026 10:34:30,Class A,999100008,54.580650,11.333337,Under way using engine,0.0,3.1,150.0,150,Unknown,S0008,SYNTH HOTEL,Fishing,Undefined,6,22,GPS,,SYNTHETIC,,AIS,15.8,6.2,3.0,3.0
25/08/2026 10:34:30,Class A,999100009,54.615457,11.172611,Under way using engine,0.0,10.5,88.0,88,Unknown,S0009,SYNTH INDIA,Cargo,Undefined,23,155,GPS,,SYNTHETIC,,AIS,111.6,43.4,11.5,11.5
25/08/2026 10:34:30,Class A,999100010,54.621443,11.502431,Under way using engine,0.0,12.8,268.0,268,Unknown,S0010,SYNTH JULIET,Tanker,Undefined,30,190,GPS,,SYNTHETIC,,AIS,136.8,53.2,15.0,15.0
25/08/2026 10:34:30,Class A,999100011,54.635062,11.177343,Under way using engine,0.0,4.2,15.0,15,Unknown,S0011,SYNTH KILO,Fishing,Undefined,6,19,GPS,,SYNTHETIC,,AIS,13.7,5.3,3.0,3.0
25/08/2026 10:34:30,Class A,999100012,54.607565,11.493441,Under way using engine,0.0,8.9,200.0,200,Unknown,S0012,SYNTH LIMA,Cargo,Undefined,18,110,GPS,,SYNTHETIC,,AIS,79.2,30.8,9.0,9.0
25/08/2026 10:34:30,Class A,999100013,54.641449,11.205944,Under way using engine,0.0,5.5,340.0,340,Unknown,S0013,SYNTH MIKE,Tug,Undefined,10,30,GPS,,SYNTHETIC,,AIS,21.6,8.4,5.0,5.0
25/08/2026 10:34:30,Class A,999100014,54.468302,11.303696,Under way using engine,0.0,17.4,182.0,182,Unknown,S0014,SYNTH NOVEMBER,Passenger,Undefined,26,165,GPS,,SYNTHETIC,,AIS,118.8,46.2,13.0,13.0
25/08/2026 10:34:30,Class A,999100015,54.469922,11.355989,Under way using engine,0.0,11.9,250.0,250,Unknown,S0015,SYNTH OSCAR,Cargo,Undefined,31,205,GPS,,SYNTHETIC,,AIS,147.6,57.4,15.5,15.5
25/08/2026 10:34:30,Class A,999100016,54.486353,11.260587,Under way using engine,0.0,10.2,70.0,70,Unknown,S0016,SYNTH PAPA,Tanker,Undefined,27,175,GPS,,SYNTHETIC,,AIS,126.0,49.0,13.5,13.5
25/08/2026 10:34:40,Class A,999100001,54.581011,11.305668,Under way using engine,0.0,12.4,68.0,68,Unknown,S0001,SYNTH ALPHA,Cargo,Undefined,28,180,GPS,,SYNTHETIC,,AIS,129.6,50.4,14.0,14.0
25/08/2026 10:34:40,Class A,999100002,54.592388,11.322179,Under way using engine,0.0,11.1,247.0,247,Unknown,S0002,SYNTH BRAVO,Tanker,Undefined,32,228,GPS,,SYNTHETIC,,AIS,164.2,63.8,16.0,16.0
25/08/2026 10:34:40,Class A,999100003,54.570128,11.332682,Under way using engine,0.0,9.8,71.0,71,Unknown,S0003,SYNTH CHARLIE,Cargo,Undefined,16,96,GPS,,SYNTHETIC,,AIS,69.1,26.9,8.0,8.0
25/08/2026 10:34:40,Class A,999100004,54.584752,11.285635,Under way using engine,0.0,16.2,195.0,195,Unknown,S0004,SYNTH DELTA,Passenger,Undefined,24,142,GPS,,SYNTHETIC,,AIS,102.2,39.8,12.0,12.0
25/08/2026 10:34:40,Class A,999100005,54.593323,11.349051,Under way using engine,0.0,6.4,310.0,310,Unknown,S0005,SYNTH ECHO,Fishing,Undefined,7,26,GPS,,SYNTHETIC,,AIS,18.7,7.3,3.5,3.5
25/08/2026 10:34:40,Class A,999100006,54.580500,11.321893,At anchor,0.0,0.4,90.0,90,Unknown,S0006,SYNTH FOXTROT,Tug,Undefined,11,34,GPS,,SYNTHETIC,,AIS,24.5,9.5,5.5,5.5
25/08/2026 10:34:40,Class A,999100007,54.599771,11.297502,Under way using engine,0.0,13.7,64.0,64,Unknown,S0007,SYNTH GOLF,Tanker,Undefined,42,245,GPS,,SYNTHETIC,,AIS,176.4,68.6,21.0,21.0
25/08/2026 10:34:40,Class A,999100008,54.580526,11.333461,Under way using engine,0.0,3.1,150.0,150,Unknown,S0008,SYNTH HOTEL,Fishing,Undefined,6,22,GPS,,SYNTHETIC,,AIS,15.8,6.2,3.0,3.0
25/08/2026 10:34:40,Class A,999100009,54.615474,11.173449,Under way using engine,0.0,10.5,88.0,88,Unknown,S0009,SYNTH INDIA,Cargo,Undefined,23,155,GPS,,SYNTHETIC,,AIS,111.6,43.4,11.5,11.5
25/08/2026 10:34:40,Class A,999100010,54.621422,11.501410,Under way using engine,0.0,12.8,268.0,268,Unknown,S0010,SYNTH JULIET,Tanker,Undefined,30,190,GPS,,SYNTHETIC,,AIS,136.8,53.2,15.0,15.0
25/08/2026 10:34:40,Class A,999100011,54.635249,11.177430,Under way using engine,0.0,4.2,15.0,15,Unknown,S0011,SYNTH KILO,Fishing,Undefined,6,19,GPS,,SYNTHETIC,,AIS,13.7,5.3,3.0,3.0
25/08/2026 10:34:40,Class A,999100012,54.607178,11.493198,Under way using engine,0.0,8.9,200.0,200,Unknown,S0012,SYNTH LIMA,Cargo,Undefined,18,110,GPS,,SYNTHETIC,,AIS,79.2,30.8,9.0,9.0
25/08/2026 10:34:40,Class A,999100013,54.641688,11.205794,Under way using engine,0.0,5.5,340.0,340,Unknown,S0013,SYNTH MIKE,Tug,Undefined,10,30,GPS,,SYNTHETIC,,AIS,21.6,8.4,5.0,5.0
25/08/2026 10:34:40,Class A,999100014,54.467499,11.303648,Under way using engine,0.0,17.4,182.0,182,Unknown,S0014,SYNTH NOVEMBER,Passenger,Undefined,26,165,GPS,,SYNTHETIC,,AIS,118.8,46.2,13.0,13.0
25/08/2026 10:34:40,Class A,999100015,54.469734,11.355099,Under way using engine,0.0,11.9,250.0,250,Unknown,S0015,SYNTH OSCAR,Cargo,Undefined,31,205,GPS,,SYNTHETIC,,AIS,147.6,57.4,15.5,15.5
25/08/2026 10:34:40,Class A,999100016,54.486514,11.261349,Under way using engine,0.0,10.2,70.0,70,Unknown,S0016,SYNTH PAPA,Tanker,Undefined,27,175,GPS,,SYNTHETIC,,AIS,126.0,49.0,13.5,13.5
25/08/2026 10:34:50,Class A,999100001,54.581225,11.306584,Under way using engine,0.0,12.4,68.0,68,Unknown,S0001,SYNTH ALPHA,Cargo,Undefined,28,180,GPS,,SYNTHETIC,,AIS,129.6,50.4,14.0,14.0
25/08/2026 10:34:50,Class A,999100002,54.592187,11.321364,Under way using engine,0.0,11.1,247.0,247,Unknown,S0002,SYNTH BRAVO,Tanker,Undefined,32,228,GPS,,SYNTHETIC,,AIS,164.2,63.8,16.0,16.0
25/08/2026 10:34:50,Class A,999100003,54.570276,11.333420,Under way using engine,0.0,9.8,71.0,71,Unknown,S0003,SYNTH CHARLIE,Cargo,Undefined,16,96,GPS,,SYNTHETIC,,AIS,69.1,26.9,8.0,8.0
25/08/2026 10:34:50,Class A,999100004,54.584029,11.285301,Under way using engine,0.0,16.2,195.0,195,Unknown,S0004,SYNTH DELTA,Passenger,Undefined,24,142,GPS,,SYNTHETIC,,AIS,102.2,39.8,12.0,12.0
25/08/2026 10:34:50,Class A,999100005,54.593513,11.348660,Under way using engine,0.0,6.4,310.0,310,Unknown,S0005,SYNTH ECHO,Fishing,Undefined,7,26,GPS,,SYNTHETIC,,AIS,18.7,7.3,3.5,3.5
25/08/2026 10:34:50,Class A,999100006,54.580500,11.321925,At anchor,0.0,0.4,90.0,90,Unknown,S0006,SYNTH FOXTROT,Tug,Undefined,11,34,GPS,,SYNTHETIC,,AIS,24.5,9.5,5.5,5.5
25/08/2026 10:34:50,Class A,999100007,54.600049,11.298485,Under way using engine,0.0,13.7,64.0,64,Unknown,S0007,SYNTH GOLF,Tanker,Undefined,42,245,GPS,,SYNTHETIC,,AIS,176.4,68.6,21.0,21.0
25/08/2026 10:34:50,Class A,999100008,54.580402,11.333584,Under way using engine,0.0,3.1,150.0,150,Unknown,S0008,SYNTH HOTEL,Fishing,Undefined,6,22,GPS,,SYNTHETIC,,AIS,15.8,6.2,3.0,3.0
25/08/2026 10:34:50,Class A,999100009,54.615491,11.174286,Under way using engine,0.0,10.5,88.0,88,Unknown,S0009,SYNTH INDIA,Cargo,Undefined,23,155,GPS,,SYNTHETIC,,AIS,111.6,43.4,11.5,11.5
25/08/2026 10:34:50,Class A,999100010,54.621401,11.500389,Under way using engine,0.0,12.8,268.0,268,Unknown,S0010,SYNTH JULIET,Tanker,Undefined,30,190,GPS,,SYNTHETIC,,AIS,136.8,53.2,15.0,15.0
25/08/2026 10:34:50,Class A,999100011,54.635437,11.177517,Under way using engine,0.0,4.2,15.0,15,Unknown,S0011,SYNTH KILO,Fishing,Undefined,6,19,GPS,,SYNTHETIC,,AIS,13.7,5.3,3.0,3.0
25/08/2026 10:34:50,Class A,999100012,54.606792,11.492956,Under way using engine,0.0,8.9,200.0,200,Unknown,S0012,SYNTH LIMA,Cargo,Undefined,18,110,GPS,,SYNTHETIC,,AIS,79.2,30.8,9.0,9.0
25/08/2026 10:34:50,Class A,999100013,54.641926,11.205644,Under way using engine,0.0,5.5,340.0,340,Unknown,S0013,SYNTH MIKE,Tug,Undefined,10,30,GPS,,SYNTHETIC,,AIS,21.6,8.4,5.0,5.0
25/08/2026 10:34:50,Class A,999100014,54.466695,11.303599,Under way using engine,0.0,17.4,182.0,182,Unknown,S0014,SYNTH NOVEMBER,Passenger,Undefined,26,165,GPS,,SYNTHETIC,,AIS,118.8,46.2,13.0,13.0
25/08/2026 10:34:50,Class A,999100015,54.469545,11.354210,Under way using engine,0.0,11.9,250.0,250,Unknown,S0015,SYNTH OSCAR,Cargo,Undefined,31,205,GPS,,SYNTHETIC,,AIS,147.6,57.4,15.5,15.5
25/08/2026 10:34:50,Class A,999100016,54.486675,11.262112,Under way using engine,0.0,10.2,70.0,70,Unknown,S0016,SYNTH PAPA,Tanker,Undefined,27,175,GPS,,SYNTHETIC,,AIS,126.0,49.0,13.5,13.5
25/08/2026 10:35:00,Class A,999100001,54.581440,11.307501,Under way using engine,0.0,12.4,68.0,68,Unknown,S0001,SYNTH ALPHA,Cargo,Undefined,28,180,GPS,,SYNTHETIC,,AIS,129.6,50.4,14.0,14.0
25/08/2026 10:35:00,Class A,999100002,54.591987,11.320549,Under way using engine,0.0,11.1,247.0,247,Unknown,S0002,SYNTH BRAVO,Tanker,Undefined,32,228,GPS,,SYNTHETIC,,AIS,164.2,63.8,16.0,16.0
25/08/2026 10:35:00,Class A,999100003,54.570423,11.334159,Under way using engine,0.0,9.8,71.0,71,Unknown,S0003,SYNTH CHARLIE,Cargo,Undefined,16,96,GPS,,SYNTHETIC,,AIS,69.1,26.9,8.0,8.0
25/08/2026 10:35:00,Class A,999100004,54.583306,11.284967,Under way using engine,0.0,16.2,195.0,195,Unknown,S0004,SYNTH DELTA,Passenger,Undefined,24,142,GPS,,SYNTHETIC,,AIS,102.2,39.8,12.0,12.0
25/08/2026 10:35:00,Class A,999100005,54.593703,11.348269,Under way using engine,0.0,6.4,310.0,310,Unknown,S0005,SYNTH ECHO,Fishing,Undefined,7,26,GPS,,SYNTHETIC,,AIS,18.7,7.3,3.5,3.5
25/08/2026 10:35:00,Class A,999100006,54.580500,11.321957,At anchor,0.0,0.4,90.0,90,Unknown,S0006,SYNTH FOXTROT,Tug,Undefined,11,34,GPS,,SYNTHETIC,,AIS,24.5,9.5,5.5,5.5
25/08/2026 10:35:00,Class A,999100007,54.600326,11.299467,Under way using engine,0.0,13.7,64.0,64,Unknown,S0007,SYNTH GOLF,Tanker,Undefined,42,245,GPS,,SYNTHETIC,,AIS,176.4,68.6,21.0,21.0
25/08/2026 10:35:00,Class A,999100008,54.580278,11.333708,Under way using engine,0.0,3.1,150.0,150,Unknown,S0008,SYNTH HOTEL,Fishing,Undefined,6,22,GPS,,SYNTHETIC,,AIS,15.8,6.2,3.0,3.0
25/08/2026 10:35:00,Class A,999100009,54.615508,11.175124,Under way using engine,0.0,10.5,88.0,88,Unknown,S0009,SYNTH INDIA,Cargo,Undefined,23,155,GPS,,SYNTHETIC,,AIS,111.6,43.4,11.5,11.5
25/08/2026 10:35:00,Class A,999100010,54.621381,11.499368,Under way using engine,0.0,12.8,268.0,268,Unknown,S0010,SYNTH JULIET,Tanker,Undefined,30,190,GPS,,SYNTHETIC,,AIS,136.8,53.2,15.0,15.0
25/08/2026 10:35:00,Class A,999100011,54.635624,11.177604,Under way using engine,0.0,4.2,15.0,15,Unknown,S0011,SYNTH KILO,Fishing,Undefined,6,19,GPS,,SYNTHETIC,,AIS,13.7,5.3,3.0,3.0
25/08/2026 10:35:00,Class A,999100012,54.606405,11.492713,Under way using engine,0.0,8.9,200.0,200,Unknown,S0012,SYNTH LIMA,Cargo,Undefined,18,110,GPS,,SYNTHETIC,,AIS,79.2,30.8,9.0,9.0
25/08/2026 10:35:00,Class A,999100013,54.642165,11.205494,Under way using engine,0.0,5.5,340.0,340,Unknown,S0013,SYNTH MIKE,Tug,Undefined,10,30,GPS,,SYNTHETIC,,AIS,21.6,8.4,5.0,5.0
25/08/2026 10:35:00,Class A,999100014,54.465891,11.303551,Under way using engine,0.0,17.4,182.0,182,Unknown,S0014,SYNTH NOVEMBER,Passenger,Undefined,26,165,GPS,,SYNTHETIC,,AIS,118.8,46.2,13.0,13.0
25/08/2026 10:35:00,Class A,999100015,54.469357,11.353321,Under way using engine,0.0,11.9,250.0,250,Unknown,S0015,SYNTH OSCAR,Cargo,Undefined,31,205,GPS,,SYNTHETIC,,AIS,147.6,57.4,15.5,15.5
25/08/2026 10:35:00,Class A,999100016,54.486837,11.262875,Under way using engine,0.0,10.2,70.0,70,Unknown,S0016,SYNTH PAPA,Tanker,Undefined,27,175,GPS,,SYNTHETIC,,AIS,126.0,49.0,13.5,13.5
25/08/2026 10:35:10,Class A,999100001,54.581655,11.308418,Under way using engine,0.0,12.4,68.0,68,Unknown,S0001,SYNTH ALPHA,Cargo,Undefined,28,180,GPS,,SYNTHETIC,,AIS,129.6,50.4,14.0,14.0
25/08/2026 10:35:10,Class A,999100002,54.591787,11.319734,Under way using engine,0.0,11.1,247.0,247,Unknown,S0002,SYNTH BRAVO,Tanker,Undefined,32,228,GPS,,SYNTHETIC,,AIS,164.2,63.8,16.0,16.0
25/08/2026 10:35:10,Class A,999100003,54.570571,11.334898,Under way using engine,0.0,9.8,71.0,71,Unknown,S0003,SYNTH CHARLIE,Cargo,Undefined,16,96,GPS,,SYNTHETIC,,AIS,69.1,26.9,8.0,8.0
25/08/2026 10:35:10,Class A,999100004,54.582583,11.284632,Under way using engine,0.0,16.2,195.0,195,Unknown,S0004,SYNTH DELTA,Passenger,Undefined,24,142,GPS,,SYNTHETIC,,AIS,102.2,39.8,12.0,12.0
25/08/2026 10:35:10,Class A,999100005,54.593894,11.347878,Under way using engine,0.0,6.4,310.0,310,Unknown,S0005,SYNTH ECHO,Fishing,Undefined,7,26,GPS,,SYNTHETIC,,AIS,18.7,7.3,3.5,3.5
25/08/2026 10:35:10,Class A,999100006,54.580500,11.321989,At anchor,0.0,0.4,90.0,90,Unknown,S0006,SYNTH FOXTROT,Tug,Undefined,11,34,GPS,,SYNTHETIC,,AIS,24.5,9.5,5.5,5.5
25/08/2026 10:35:10,Class A,999100007,54.600604,11.300449,Under way using engine,0.0,13.7,64.0,64,Unknown,S0007,SYNTH GOLF,Tanker,Undefined,42,245,GPS,,SYNTHETIC,,AIS,176.4,68.6,21.0,21.0
25/08/2026 10:35:10,Class A,999100008,54.580154,11.333832,Under way using engine,0.0,3.1,150.0,150,Unknown,S0008,SYNTH HOTEL,Fishing,Undefined,6,22,GPS,,SYNTHETIC,,AIS,15.8,6.2,3.0,3.0
25/08/2026 10:35:10,Class A,999100009,54.615525,11.175961,Under way using engine,0.0,10.5,88.0,88,Unknown,S0009,SYNTH INDIA,Cargo,Undefined,23,155,GPS,,SYNTHETIC,,AIS,111.6,43.4,11.5,11.5
25/08/2026 10:35:10,Class A,999100010,54.621360,11.498347,Under way using engine,0.0,12.8,268.0,268,Unknown,S0010,SYNTH JULIET,Tanker,Undefined,30,190,GPS,,SYNTHETIC,,AIS,136.8,53.2,15.0,15.0
25/08/2026 10:35:10,Class A,999100011,54.635812,11.177690,Under way using engine,0.0,4.2,15.0,15,Unknown,S0011,SYNTH KILO,Fishing,Undefined,6,19,GPS,,SYNTHETIC,,AIS,13.7,5.3,3.0,3.0
25/08/2026 10:35:10,Class A,999100012,54.606019,11.492470,Under way using engine,0.0,8.9,200.0,200,Unknown,S0012,SYNTH LIMA,Cargo,Undefined,18,110,GPS,,SYNTHETIC,,AIS,79.2,30.8,9.0,9.0
25/08/2026 10:35:10,Class A,999100013,54.642404,11.205343,Under way using engine,0.0,5.5,340.0,340,Unknown,S0013,SYNTH MIKE,Tug,Undefined,10,30,GPS,,SYNTHETIC,,AIS,21.6,8.4,5.0,5.0
25/08/2026 10:35:10,Class A,999100014,54.465088,11.303503,Under way using engine,0.0,17.4,182.0,182,Unknown,S0014,SYNTH NOVEMBER,Passenger,Undefined,26,165,GPS,,SYNTHETIC,,AIS,118.8,46.2,13.0,13.0
25/08/2026 10:35:10,Class A,999100015,54.469169,11.352432,Under way using engine,0.0,11.9,250.0,250,Unknown,S0015,SYNTH OSCAR,Cargo,Undefined,31,205,GPS,,SYNTHETIC,,AIS,147.6,57.4,15.5,15.5
25/08/2026 10:35:10,Class A,999100016,54.486998,11.263637,Under way using engine,0.0,10.2,70.0,70,Unknown,S0016,SYNTH PAPA,Tanker,Undefined,27,175,GPS,,SYNTHETIC,,AIS,126.0,49.0,13.5,13.5
25/08/2026 10:35:20,Class A,999100001,54.581869,11.309335,Under way using engine,0.0,12.4,68.0,68,Unknown,S0001,SYNTH ALPHA,Cargo,Undefined,28,180,GPS,,SYNTHETIC,,AIS,129.6,50.4,14.0,14.0
25/08/2026 10:35:20,Class A,999100002,54.591586,11.318919,Under way using engine,0.0,11.1,247.0,247,Unknown,S0002,SYNTH BRAVO,Tanker,Undefined,32,228,GPS,,SYNTHETIC,,AIS,164.2,63.8,16.0,16.0
25/08/2026 10:35:20,Class A,999100003,54.570718,11.335637,Under way using engine,0.0,9.8,71.0,71,Unknown,S0003,SYNTH CHARLIE,Cargo,Undefined,16,96,GPS,,SYNTHETIC,,AIS,69.1,26.9,8.0,8.0
25/08/2026 10:35:20,Class A,999100004,54.581859,11.284298,Under way using engine,0.0,16.2,195.0,195,Unknown,S0004,SYNTH DELTA,Passenger,Undefined,24,142,GPS,,SYNTHETIC,,AIS,102.2,39.8,12.0,12.0
25/08/2026 10:35:20,Class A,999100005,54.594084,11.347487,Under way using engine,0.0,6.4,310.0,310,Unknown,S0005,SYNTH ECHO,Fishing,Undefined,7,26,GPS,,SYNTHETIC,,AIS,18.7,7.3,3.5,3.5
25/08/2026 10:35:20,Class A,999100006,54.580500,11.322021,At anchor,0.0,0.4,90.0,90,Unknown,S0006,SYNTH FOXTROT,Tug,Undefined,11,34,GPS,,SYNTHETIC,,AIS,24.5,9.5,5.5,5.5
25/08/2026 10:35:20,Class A,999100007,54.600881,11.301432,Under way using engine,0.0,13.7,64.0,64,Unknown,S0007,SYNTH GOLF,Tanker,Undefined,42,245,GPS,,SYNTHETIC,,AIS,176.4,68.6,21.0,21.0
25/08/2026 10:35:20,Class A,999100008,54.580030,11.333955,Under way using engine,0.0,3.1,150.0,150,Unknown,S0008,SYNTH HOTEL,Fishing,Undefined,6,22,GPS,,SYNTHETIC,,AIS,15.8,6.2,3.0,3.0
25/08/2026 10:35:20,Class A,999100009,54.615542,11.176799,Under way using engine,0.0,10.5,88.0,88,Unknown,S0009,SYNTH INDIA,Cargo,Undefined,23,155,GPS,,SYNTHETIC,,AIS,111.6,43.4,11.5,11.5
25/08/2026 10:35:20,Class A,999100010,54.621339,11.497326,Under way using engine,0.0,12.8,268.0,268,Unknown,S0010,SYNTH JULIET,Tanker,Undefined,30,190,GPS,,SYNTHETIC,,AIS,136.8,53.2,15.0,15.0
25/08/2026 10:35:20,Class A,999100011,54.635999,11.177777,Under way using engine,0.0,4.2,15.0,15,Unknown,S0011,SYNTH KILO,Fishing,Undefined,6,19,GPS,,SYNTHETIC,,AIS,13.7,5.3,3.0,3.0
25/08/2026 10:35:20,Class A,999100012,54.605632,11.492227,Under way using engine,0.0,8.9,200.0,200,Unknown,S0012,SYNTH LIMA,Cargo,Undefined,18,110,GPS,,SYNTHETIC,,AIS,79.2,30.8,9.0,9.0
25/08/2026 10:35:20,Class A,999100013,54.642643,11.205193,Under way using engine,0.0,5.5,340.0,340,Unknown,S0013,SYNTH MIKE,Tug,Undefined,10,30,GPS,,SYNTHETIC,,AIS,21.6,8.4,5.0,5.0
25/08/2026 10:35:20,Class A,999100014,54.464284,11.303454,Under way using engine,0.0,17.4,182.0,182,Unknown,S0014,SYNTH NOVEMBER,Passenger,Undefined,26,165,GPS,,SYNTHETIC,,AIS,118.8,46.2,13.0,13.0
25/08/2026 10:35:20,Class A,999100015,54.468981,11.351542,Under way using engine,0.0,11.9,250.0,250,Unknown,S0015,SYNTH OSCAR,Cargo,Undefined,31,205,GPS,,SYNTHETIC,,AIS,147.6,57.4,15.5,15.5
25/08/2026 10:35:20,Class A,999100016,54.487159,11.264400,Under way using engine,0.0,10.2,70.0,70,Unknown,S0016,SYNTH PAPA,Tanker,Undefined,27,175,GPS,,SYNTHETIC,,AIS,126.0,49.0,13.5,13.5
25/08/2026 10:35:30,Class A,999100001,54.582084,11.310252,Under way using engine,0.0,12.4,68.0,68,Unknown,S0001,SYNTH ALPHA,Cargo,Undefined,28,180,GPS,,SYNTHETIC,,AIS,129.6,50.4,14.0,14.0
25/08/2026 10:35:30,Class A,999100002,54.591386,11.318104,Under way using engine,0.0,11.1,247.0,247,Unknown,S0002,SYNTH BRAVO,Tanker,Undefined,32,228,GPS,,SYNTHETIC,,AIS,164.2,63.8,16.0,16.0
25/08/2026 10:35:30,Class A,999100003,54.570866,11.336375,Under way using engine,0.0,9.8,71.0,71,Unknown,S0003,SYNTH CHARLIE,Cargo,Undefined,16,96,GPS,,SYNTHETIC,,AIS,69.1,26.9,8.0,8.0
25/08/2026 10:35:30,Class A,999100004,54.581136,11.283964,Under way using engine,0.0,16.2,195.0,195,Unknown,S0004,SYNTH DELTA,Passenger,Undefined,24,142,GPS,,SYNTHETIC,,AIS,102.2,39.8,12.0,12.0
25/08/2026 10:35:30,Class A,999100005,54.594274,11.347096,Under way using engine,0.0,6.4,310.0,310,Unknown,S0005,SYNTH ECHO,Fishing,Undefined,7,26,GPS,,SYNTHETIC,,AIS,18.7,7.3,3.5,3.5
25/08/2026 10:35:30,Class A,999100006,54.580500,11.322053,At anchor,0.0,0.4,90.0,90,Unknown,S0006,SYNTH FOXTROT,Tug,Undefined,11,34,GPS,,SYNTHETIC,,AIS,24.5,9.5,5.5,5.5
25/08/2026 10:35:30,Class A,999100007,54.601159,11.302414,Under way using engine,0.0,13.7,64.0,64,Unknown,S0007,SYNTH GOLF,Tanker,Undefined,42,245,GPS,,SYNTHETIC,,AIS,176.4,68.6,21.0,21.0
25/08/2026 10:35:30,Class A,999100008,54.579906,11.334079,Under way using engine,0.0,3.1,150.0,150,Unknown,S0008,SYNTH HOTEL,Fishing,Undefined,6,22,GPS,,SYNTHETIC,,AIS,15.8,6.2,3.0,3.0
25/08/2026 10:35:30,Class A,999100009,54.615559,11.177636,Under way using engine,0.0,10.5,88.0,88,Unknown,S0009,SYNTH INDIA,Cargo,Undefined,23,155,GPS,,SYNTHETIC,,AIS,111.6,43.4,11.5,11.5
25/08/2026 10:35:30,Class A,999100010,54.621319,11.496305,Under way using engine,0.0,12.8,268.0,268,Unknown,S0010,SYNTH JULIET,Tanker,Undefined,30,190,GPS,,SYNTHETIC,,AIS,136.8,53.2,15.0,15.0
25/08/2026 10:35:30,Class A,999100011,54.636187,11.177864,Under way using engine,0.0,4.2,15.0,15,Unknown,S0011,SYNTH KILO,Fishing,Undefined,6,19,GPS,,SYNTHETIC,,AIS,13.7,5.3,3.0,3.0
25/08/2026 10:35:30,Class A,999100012,54.605246,11.491984,Under way using engine,0.0,8.9,200.0,200,Unknown,S0012,SYNTH LIMA,Cargo,Undefined,18,110,GPS,,SYNTHETIC,,AIS,79.2,30.8,9.0,9.0
25/08/2026 10:35:30,Class A,999100013,54.642882,11.205043,Under way using engine,0.0,5.5,340.0,340,Unknown,S0013,SYNTH MIKE,Tug,Undefined,10,30,GPS,,SYNTHETIC,,AIS,21.6,8.4,5.0,5.0
25/08/2026 10:35:30,Class A,999100014,54.463481,11.303406,Under way using engine,0.0,17.4,182.0,182,Unknown,S0014,SYNTH NOVEMBER,Passenger,Undefined,26,165,GPS,,SYNTHETIC,,AIS,118.8,46.2,13.0,13.0
25/08/2026 10:35:30,Class A,999100015,54.468793,11.350653,Under way using engine,0.0,11.9,250.0,250,Unknown,S0015,SYNTH OSCAR,Cargo,Undefined,31,205,GPS,,SYNTHETIC,,AIS,147.6,57.4,15.5,15.5
25/08/2026 10:35:30,Class A,999100016,54.487320,11.265162,Under way using engine,0.0,10.2,70.0,70,Unknown,S0016,SYNTH PAPA,Tanker,Undefined,27,175,GPS,,SYNTHETIC,,AIS,126.0,49.0,13.5,13.5
25/08/2026 10:35:40,Class A,999100001,54.582299,11.311168,Under way using engine,0.0,12.4,68.0,68,Unknown,S0001,SYNTH ALPHA,Cargo,Undefined,28,180,GPS,,SYNTHETIC,,AIS,129.6,50.4,14.0,14.0
25/08/2026 10:35:40,Class A,999100002,54.591185,11.317289,Under way using engine,0.0,11.1,247.0,247,Unknown,S0002,SYNTH BRAVO,Tanker,Undefined,32,228,GPS,,SYNTHETIC,,AIS,164.2,63.8,16.0,16.0
25/08/2026 10:35:40,Class A,999100003,54.571013,11.337114,Under way using engine,0.0,9.8,71.0,71,Unknown,S0003,SYNTH CHARLIE,Cargo,Undefined,16,96,GPS,,SYNTHETIC,,AIS,69.1,26.9,8.0,8.0
25/08/2026 10:35:40,Class A,999100004,54.580413,11.283629,Under way using engine,0.0,16.2,195.0,195,Unknown,S0004,SYNTH DELTA,Passenger,Undefined,24,142,GPS,,SYNTHETIC,,AIS,102.2,39.8,12.0,12.0
25/08/2026 10:35:40,Class A,999100005,54.594464,11.346705,Under way using engine,0.0,6.4,310.0,310,Unknown,S0005,SYNTH ECHO,Fishing,Undefined,7,26,GPS,,SYNTHETIC,,AIS,18.7,7.3,3.5,3.5
25/08/2026 10:35:40,Class A,999100006,54.580500,11.322084,At anchor,0.0,0.4,90.0,90,Unknown,S0006,SYNTH FOXTROT,Tug,Undefined,11,34,GPS,,SYNTHETIC,,AIS,24.5,9.5,5.5,5.5
25/08/2026 10:35:40,Class A,999100007,54.601436,11.303396,Under way using engine,0.0,13.7,64.0,64,Unknown,S0007,SYNTH GOLF,Tanker,Undefined,42,245,GPS,,SYNTHETIC,,AIS,176.4,68.6,21.0,21.0
25/08/2026 10:35:40,Class A,999100008,54.579782,11.334202,Under way using engine,0.0,3.1,150.0,150,Unknown,S0008,SYNTH HOTEL,Fishing,Undefined,6,22,GPS,,SYNTHETIC,,AIS,15.8,6.2,3.0,3.0
25/08/2026 10:35:40,Class A,999100009,54.615576,11.178474,Under way using engine,0.0,10.5,88.0,88,Unknown,S0009,SYNTH INDIA,Cargo,Undefined,23,155,GPS,,SYNTHETIC,,AIS,111.6,43.4,11.5,11.5
25/08/2026 10:35:40,Class A,999100010,54.621298,11.495284,Under way using engine,0.0,12.8,268.0,268,Unknown,S0010,SYNTH JULIET,Tanker,Undefined,30,190,GPS,,SYNTHETIC,,AIS,136.8,53.2,15.0,15.0
25/08/2026 10:35:40,Class A,999100011,54.636374,11.177951,Under way using engine,0.0,4.2,15.0,15,Unknown,S0011,SYNTH KILO,Fishing,Undefined,6,19,GPS,,SYNTHETIC,,AIS,13.7,5.3,3.0,3.0
25/08/2026 10:35:40,Class A,999100012,54.604859,11.491741,Under way using engine,0.0,8.9,200.0,200,Unknown,S0012,SYNTH LIMA,Cargo,Undefined,18,110,GPS,,SYNTHETIC,,AIS,79.2,30.8,9.0,9.0
25/08/2026 10:35:40,Class A,999100013,54.643121,11.204893,Under way using engine,0.0,5.5,340.0,340,Unknown,S0013,SYNTH MIKE,Tug,Undefined,10,30,GPS,,SYNTHETIC,,AIS,21.6,8.4,5.0,5.0
25/08/2026 10:35:40,Class A,999100014,54.462677,11.303358,Under way using engine,0.0,17.4,182.0,182,Unknown,S0014,SYNTH NOVEMBER,Passenger,Undefined,26,165,GPS,,SYNTHETIC,,AIS,118.8,46.2,13.0,13.0
25/08/2026 10:35:40,Class A,999100015,54.468605,11.349764,Under way using engine,0.0,11.9,250.0,250,Unknown,S0015,SYNTH OSCAR,Cargo,Undefined,31,205,GPS,,SYNTHETIC,,AIS,147.6,57.4,15.5,15.5
25/08/2026 10:35:40,Class A,999100016,54.487481,11.265925,Under way using engine,0.0,10.2,70.0,70,Unknown,S0016,SYNTH PAPA,Tanker,Undefined,27,175,GPS,,SYNTHETIC,,AIS,126.0,49.0,13.5,13.5
25/08/2026 10:35:50,Class A,999100001,54.582513,11.312085,Under way using engine,0.0,12.4,68.0,68,Unknown,S0001,SYNTH ALPHA,Cargo,Undefined,28,180,GPS,,SYNTHETIC,,AIS,129.6,50.4,14.0,14.0
25/08/2026 10:35:50,Class A,999100002,54.590985,11.316474,Under way using engine,0.0,11.1,247.0,247,Unknown,S0002,SYNTH BRAVO,Tanker,Undefined,32,228,GPS,,SYNTHETIC,,AIS,164.2,63.8,16.0,16.0
25/08/2026 10:35:50,Class A,999100003,54.571161,11.337853,Under way using engine,0.0,9.8,71.0,71,Unknown,S0003,SYNTH CHARLIE,Cargo,Undefined,16,96,GPS,,SYNTHETIC,,AIS,69.1,26.9,8.0,8.0
25/08/2026 10:35:50,Class A,999100004,54.579690,11.283295,Under way using engine,0.0,16.2,195.0,195,Unknown,S0004,SYNTH DELTA,Passenger,Undefined,24,142,GPS,,SYNTHETIC,,AIS,102.2,39.8,12.0,12.0
25/08/2026 10:35:50,Class A,999100005,54.594654,11.346314,Under way using engine,0.0,6.4,310.0,310,Unknown,S0005,SYNTH ECHO,Fishing,Undefined,7,26,GPS,,SYNTHETIC,,AIS,18.7,7.3,3.5,3.5
25/08/2026 10:35:50,Class A,999100006,54.580500,11.322116,At anchor,0.0,0.4,90.0,90,Unknown,S0006,SYNTH FOXTROT,Tug,Undefined,11,34,GPS,,SYNTHETIC,,AIS,24.5,9.5,5.5,5.5
25/08/2026 10:35:50,Class A,999100007,54.601714,11.304379,Under way using engine,0.0,13.7,64.0,64,Unknown,S0007,SYNTH GOLF,Tanker,Undefined,42,245,GPS,,SYNTHETIC,,AIS,176.4,68.6,21.0,21.0
25/08/2026 10:35:50,Class A,999100008,54.579658,11.334326,Under way using engine,0.0,3.1,150.0,150,Unknown,S0008,SYNTH HOTEL,Fishing,Undefined,6,22,GPS,,SYNTHETIC,,AIS,15.8,6.2,3.0,3.0
25/08/2026 10:35:50,Class A,999100009,54.615593,11.179311,Under way using engine,0.0,10.5,88.0,88,Unknown,S0009,SYNTH INDIA,Cargo,Undefined,23,155,GPS,,SYNTHETIC,,AIS,111.6,43.4,11.5,11.5
25/08/2026 10:35:50,Class A,999100010,54.621277,11.494263,Under way using engine,0.0,12.8,268.0,268,Unknown,S0010,SYNTH JULIET,Tanker,Undefined,30,190,GPS,,SYNTHETIC,,AIS,136.8,53.2,15.0,15.0
25/08/2026 10:35:50,Class A,999100011,54.636562,11.178038,Under way using engine,0.0,4.2,15.0,15,Unknown,S0011,SYNTH KILO,Fishing,Undefined,6,19,GPS,,SYNTHETIC,,AIS,13.7,5.3,3.0,3.0
25/08/2026 10:35:50,Class A,999100012,54.604473,11.491498,Under way using engine,0.0,8.9,200.0,200,Unknown,S0012,SYNTH LIMA,Cargo,Undefined,18,110,GPS,,SYNTHETIC,,AIS,79.2,30.8,9.0,9.0
25/08/2026 10:35:50,Class A,999100013,54.643360,11.204743,Under way using engine,0.0,5.5,340.0,340,Unknown,S0013,SYNTH MIKE,Tug,Undefined,10,30,GPS,,SYNTHETIC,,AIS,21.6,8.4,5.0,5.0
25/08/2026 10:35:50,Class A,999100014,54.461873,11.303310,Under way using engine,0.0,17.4,182.0,182,Unknown,S0014,SYNTH NOVEMBER,Passenger,Undefined,26,165,GPS,,SYNTHETIC,,AIS,118.8,46.2,13.0,13.0
25/08/2026 10:35:50,Class A,999100015,54.468417,11.348875,Under way using engine,0.0,11.9,250.0,250,Unknown,S0015,SYNTH OSCAR,Cargo,Undefined,31,205,GPS,,SYNTHETIC,,AIS,147.6,57.4,15.5,15.5
25/08/2026 10:35:50,Class A,999100016,54.487643,11.266687,Under way using engine,0.0,10.2,70.0,70,Unknown,S0016,SYNTH PAPA,Tanker,Undefined,27,175,GPS,,SYNTHETIC,,AIS,126.0,49.0,13.5,13.5
25/08/2026 10:36:00,Class A,999100001,54.582728,11.313002,Under way using engine,0.0,12.4,68.0,68,Unknown,S0001,SYNTH ALPHA,Cargo,Undefined,28,180,GPS,,SYNTHETIC,,AIS,129.6,50.4,14.0,14.0
25/08/2026 10:36:00,Class A,999100002,54.590784,11.315659,Under way using engine,0.0,11.1,247.0,247,Unknown,S0002,SYNTH BRAVO,Tanker,Undefined,32,228,GPS,,SYNTHETIC,,AIS,164.2,63.8,16.0,16.0
25/08/2026 10:36:00,Class A,999100003,54.571308,11.338591,Under way using engine,0.0,9.8,71.0,71,Unknown,S0003,SYNTH CHARLIE,Cargo,Undefined,16,96,GPS,,SYNTHETIC,,AIS,69.1,26.9,8.0,8.0
25/08/2026 10:36:00,Class A,999100004,54.578967,11.282961,Under way using engine,0.0,16.2,195.0,195,Unknown,S0004,SYNTH DELTA,Passenger,Undefined,24,142,GPS,,SYNTHETIC,,AIS,102.2,39.8,12.0,12.0
25/08/2026 10:36:00,Class A,999100005,54.594844,11.345923,Under way using engine,0.0,6.4,310.0,310,Unknown,S0005,SYNTH ECHO,Fishing,Undefined,7,26,GPS,,SYNTHETIC,,AIS,18.7,7.3,3.5,3.5
25/08/2026 10:36:00,Class A,999100006,54.580500,11.322148,At anchor,0.0,0.4,90.0,90,Unknown,S0006,SYNTH FOXTROT,Tug,Undefined,11,34,GPS,,SYNTHETIC,,AIS,24.5,9.5,5.5,5.5
25/08/2026 10:36:00,Class A,999100007,54.601991,11.305361,Under way using engine,0.0,13.7,64.0,64,Unknown,S0007,SYNTH GOLF,Tanker,Undefined,42,245,GPS,,SYNTHETIC,,AIS,176.4,68.6,21.0,21.0
25/08/2026 10:36:00,Class A,999100008,54.579534,11.334450,Under way using engine,0.0,3.1,150.0,150,Unknown,S0008,SYNTH HOTEL,Fishing,Undefined,6,22,GPS,,SYNTHETIC,,AIS,15.8,6.2,3.0,3.0
25/08/2026 10:36:00,Class A,999100009,54.615610,11.180149,Under way using engine,0.0,10.5,88.0,88,Unknown,S0009,SYNTH INDIA,Cargo,Undefined,23,155,GPS,,SYNTHETIC,,AIS,111.6,43.4,11.5,11.5
25/08/2026 10:36:00,Class A,999100010,54.621257,11.493242,Under way using engine,0.0,12.8,268.0,268,Unknown,S0010,SYNTH JULIET,Tanker,Undefined,30,190,GPS,,SYNTHETIC,,AIS,136.8,53.2,15.0,15.0
25/08/2026 10:36:00,Class A,999100011,54.636749,11.178124,Under way using engine,0.0,4.2,15.0,15,Unknown,S0011,SYNTH KILO,Fishing,Undefined,6,19,GPS,,SYNTHETIC,,AIS,13.7,5.3,3.0,3.0
25/08/2026 10:36:00,Class A,999100012,54.604086,11.491255,Under way using engine,0.0,8.9,200.0,200,Unknown,S0012,SYNTH LIMA,Cargo,Undefined,18,110,GPS,,SYNTHETIC,,AIS,79.2,30.8,9.0,9.0
25/08/2026 10:36:00,Class A,999100013,54.643598,11.204592,Under way using engine,0.0,5.5,340.0,340,Unknown,S0013,SYNTH MIKE,Tug,Undefined,10,30,GPS,,SYNTHETIC,,AIS,21.6,8.4,5.0,5.0
25/08/2026 10:36:00,Class A,999100014,54.461070,11.303261,Under way using engine,0.0,17.4,182.0,182,Unknown,S0014,SYNTH NOVEMBER,Passenger,Undefined,26,165,GPS,,SYNTHETIC,,AIS,118.8,46.2,13.0,13.0
25/08/2026 10:36:00,Class A,999100015,54.468229,11.347986,Under way using engine,0.0,11.9,250.0,250,Unknown,S0015,SYNTH OSCAR,Cargo,Undefined,31,205,GPS,,SYNTHETIC,,AIS,147.6,57.4,15.5,15.5
25/08/2026 10:36:00,Class A,999100016,54.487804,11.267450,Under way using engine,0.0,10.2,70.0,70,Unknown,S0016,SYNTH PAPA,Tanker,Undefined,27,175,GPS,,SYNTHETIC,,AIS,126.0,49.0,13.5,13.5
25/08/2026 10:36:10,Class A,999100001,54.582943,11.313919,Under way using engine,0.0,12.4,68.0,68,Unknown,S0001,SYNTH ALPHA,Cargo,Undefined,28,180,GPS,,SYNTHETIC,,AIS,129.6,50.4,14.0,14.0
25/08/2026 10:36:10,Class A,999100002,54.590584,11.314845,Under way using engine,0.0,11.1,247.0,247,Unknown,S0002,SYNTH BRAVO,Tanker,Undefined,32,228,GPS,,SYNTHETIC,,AIS,164.2,63.8,16.0,16.0
25/08/2026 10:36:10,Class A,999100003,54.571456,11.339330,Under way using engine,0.0,9.8,71.0,71,Unknown,S0003,SYNTH CHARLIE,Cargo,Undefined,16,96,GPS,,SYNTHETIC,,AIS,69.1,26.9,8.0,8.0
25/08/2026 10:36:10,Class A,999100004,54.578244,11.282626,Under way using engine,0.0,16.2,195.0,195,Unknown,S0004,SYNTH DELTA,Passenger,Undefined,24,142,GPS,,SYNTHETIC,,AIS,102.2,39.8,12.0,12.0
25/08/2026 10:36:10,Class A,999100005,54.595034,11.345532,Under way using engine,0.0,6.4,310.0,310,Unknown,S0005,SYNTH ECHO,Fishing,Undefined,7,26,GPS,,SYNTHETIC,,AIS,18.7,7.3,3.5,3.5
25/08/2026 10:36:10,Class A,999100006,54.580500,11.322180,At anchor,0.0,0.4,90.0,90,Unknown,S0006,SYNTH FOXTROT,Tug,Undefined,11,34,GPS,,SYNTHETIC,,AIS,24.5,9.5,5.5,5.5
25/08/2026 10:36:10,Class A,999100007,54.602269,11.306343,Under way using engine,0.0,13.7,64.0,64,Unknown,S0007,SYNTH GOLF,Tanker,Undefined,42,245,GPS,,SYNTHETIC,,AIS,176.4,68.6,21.0,21.0
25/08/2026 10:36:10,Class A,999100008,54.579410,11.334573,Under way using engine,0.0,3.1,150.0,150,Unknown,S0008,SYNTH HOTEL,Fishing,Undefined,6,22,GPS,,SYNTHETIC,,AIS,15.8,6.2,3.0,3.0
25/08/2026 10:36:10,Class A,999100009,54.615627,11.180986,Under way using engine,0.0,10.5,88.0,88,Unknown,S0009,SYNTH INDIA,Cargo,Undefined,23,155,GPS,,SYNTHETIC,,AIS,111.6,43.4,11.5,11.5
25/08/2026 10:36:10,Class A,999100010,54.621236,11.492221,Under way using engine,0.0,12.8,268.0,268,Unknown,S0010,SYNTH JULIET,Tanker,Undefined,30,190,GPS,,SYNTHETIC,,AIS,136.8,53.2,15.0,15.0
25/08/2026 10:36:10,Class A,999100011,54.636937,11.178211,Under way using engine,0.0,4.2,15.0,15,Unknown,S0011,SYNTH KILO,Fishing,Undefined,6,19,GPS,,SYNTHETIC,,AIS,13.7,5.3,3.0,3.0
25/08/2026 10:36:10,Class A,999100012,54.603700,11.491013,Under way using engine,0.0,8.9,200.0,200,Unknown,S0012,SYNTH LIMA,Cargo,Undefined,18,110,GPS,,SYNTHETIC,,AIS,79.2,30.8,9.0,9.0
25/08/2026 10:36:10,Class A,999100013,54.643837,11.204442,Under way using engine,0.0,5.5,340.0,340,Unknown,S0013,SYNTH MIKE,Tug,Undefined,10,30,GPS,,SYNTHETIC,,AIS,21.6,8.4,5.0,5.0
25/08/2026 10:36:10,Class A,999100014,54.460266,11.303213,Under way using engine,0.0,17.4,182.0,182,Unknown,S0014,SYNTH NOVEMBER,Passenger,Undefined,26,165,GPS,,SYNTHETIC,,AIS,118.8,46.2,13.0,13.0
25/08/2026 10:36:10,Class A,999100015,54.468041,11.347096,Under way using engine,0.0,11.9,250.0,250,Unknown,S0015,SYNTH OSCAR,Cargo,Undefined,31,205,GPS,,SYNTHETIC,,AIS,147.6,57.4,15.5,15.5
25/08/2026 10:36:10,Class A,999100016,54.487965,11.268212,Under way using engine,0.0,10.2,70.0,70,Unknown,S0016,SYNTH PAPA,Tanker,Undefined,27,175,GPS,,SYNTHETIC,,AIS,126.0,49.0,13.5,13.5
25/08/2026 10:36:20,Class A,999100001,54.583157,11.314836,Under way using engine,0.0,12.4,68.0,68,Unknown,S0001,SYNTH ALPHA,Cargo,Undefined,28,180,GPS,,SYNTHETIC,,AIS,129.6,50.4,14.0,14.0
25/08/2026 10:36:20,Class A,999100002,54.590384,11.314030,Under way using engine,0.0,11.1,247.0,247,Unknown,S0002,SYNTH BRAVO,Tanker,Undefined,32,228,GPS,,SYNTHETIC,,AIS,164.2,63.8,16.0,16.0
25/08/2026 10:36:20,Class A,999100003,54.571603,11.340069,Under way using engine,0.0,9.8,71.0,71,Unknown,S0003,SYNTH CHARLIE,Cargo,Undefined,16,96,GPS,,SYNTHETIC,,AIS,69.1,26.9,8.0,8.0
25/08/2026 10:36:20,Class A,999100004,54.577521,11.282292,Under way using engine,0.0,16.2,195.0,195,Unknown,S0004,SYNTH DELTA,Passenger,Undefined,24,142,GPS,,SYNTHETIC,,AIS,102.2,39.8,12.0,12.0
25/08/2026 10:36:20,Class A,999100005,54.595224,11.345141,Under way using engine,0.0,6.4,310.0,310,Unknown,S0005,SYNTH ECHO,Fishing,Undefined,7,26,GPS,,SYNTHETIC,,AIS,18.7,7.3,3.5,3.5
25/08/2026 10:36:20,Class A,999100006,54.580500,11.322212,At anchor,0.0,0.4,90.0,90,Unknown,S0006,SYNTH FOXTROT,Tug,Undefined,11,34,GPS,,SYNTHETIC,,AIS,24.5,9.5,5.5,5.5
25/08/2026 10:36:20,Class A,999100007,54.602547,11.307326,Under way using engine,0.0,13.7,64.0,64,Unknown,S0007,SYNTH GOLF,Tanker,Undefined,42,245,GPS,,SYNTHETIC,,AIS,176.4,68.6,21.0,21.0
25/08/2026 10:36:20,Class A,999100008,54.579285,11.334697,Under way using engine,0.0,3.1,150.0,150,Unknown,S0008,SYNTH HOTEL,Fishing,Undefined,6,22,GPS,,SYNTHETIC,,AIS,15.8,6.2,3.0,3.0
25/08/2026 10:36:20,Class A,999100009,54.615644,11.181823,Under way using engine,0.0,10.5,88.0,88,Unknown,S0009,SYNTH INDIA,Cargo,Undefined,23,155,GPS,,SYNTHETIC,,AIS,111.6,43.4,11.5,11.5
25/08/2026 10:36:20,Class A,999100010,54.621216,11.491200,Under way using engine,0.0,12.8,268.0,268,Unknown,S0010,SYNTH JULIET,Tanker,Undefined,30,190,GPS,,SYNTHETIC,,AIS,136.8,53.2,15.0,15.0
25/08/2026 10:36:20,Class A,999100011,54.637124,11.178298,Under way using engine,0.0,4.2,15.0,15,Unknown,S0011,SYNTH KILO,Fishing,Undefined,6,19,GPS,,SYNTHETIC,,AIS,13.7,5.3,3.0,3.0
25/08/2026 10:36:20,Class A,999100012,54.603313,11.490770,Under way using engine,0.0,8.9,200.0,200,Unknown,S0012,SYNTH LIMA,Cargo,Undefined,18,110,GPS,,SYNTHETIC,,AIS,79.2,30.8,9.0,9.0
25/08/2026 10:36:20,Class A,999100013,54.644076,11.204292,Under way using engine,0.0,5.5,340.0,340,Unknown,S0013,SYNTH MIKE,Tug,Undefined,10,30,GPS,,SYNTHETIC,,AIS,21.6,8.4,5.0,5.0
25/08/2026 10:36:20,Class A,999100014,54.459463,11.303165,Under way using engine,0.0,17.4,182.0,182,Unknown,S0014,SYNTH NOVEMBER,Passenger,Undefined,26,165,GPS,,SYNTHETIC,,AIS,118.8,46.2,13.0,13.0
25/08/2026 10:36:20,Class A,999100015,54.467853,11.346207,Under way using engine,0.0,11.9,250.0,250,Unknown,S0015,SYNTH OSCAR,Cargo,Undefined,31,205,GPS,,SYNTHETIC,,AIS,147.6,57.4,15.5,15.5
25/08/2026 10:36:20,Class A,999100016,54.488126,11.268975,Under way using engine,0.0,10.2,70.0,70,Unknown,S0016,SYNTH PAPA,Tanker,Undefined,27,175,GPS,,SYNTHETIC,,AIS,126.0,49.0,13.5,13.5
25/08/2026 10:36:30,Class A,999100001,54.583372,11.315752,Under way using engine,0.0,12.4,68.0,68,Unknown,S0001,SYNTH ALPHA,Cargo,Undefined,28,180,GPS,,SYNTHETIC,,AIS,129.6,50.4,14.0,14.0
25/08/2026 10:36:30,Class A,999100002,54.590183,11.313215,Under way using engine,0.0,11.1,247.0,247,Unknown,S0002,SYNTH BRAVO,Tanker,Undefined,32,228,GPS,,SYNTHETIC,,AIS,164.2,63.8,16.0,16.0
25/08/2026 10:36:30,Class A,999100003,54.571750,11.340807,Under way using engine,0.0,9.8,71.0,71,Unknown,S0003,SYNTH CHARLIE,Cargo,Undefined,16,96,GPS,,SYNTHETIC,,AIS,69.1,26.9,8.0,8.0
25/08/2026 10:36:30,Class A,999100004,54.576797,11.281958,Under way using engine,0.0,16.2,195.0,195,Unknown,S0004,SYNTH DELTA,Passenger,Undefined,24,142,GPS,,SYNTHETIC,,AIS,102.2,39.8,12.0,12.0
25/08/2026 10:36:30,Class A,999100005,54.595414,11.344749,Under way using engine,0.0,6.4,310.0,310,Unknown,S0005,SYNTH ECHO,Fishing,Undefined,7,26,GPS,,SYNTHETIC,,AIS,18.7,7.3,3.5,3.5
25/08/2026 10:36:30,Class A,999100006,54.580500,11.322244,At anchor,0.0,0.4,90.0,90,Unknown,S0006,SYNTH FOXTROT,Tug,Undefined,11,34,GPS,,SYNTHETIC,,AIS,24.5,9.5,5.5,5.5
25/08/2026 10:36:30,Class A,999100007,54.602824,11.308308,Under way using engine,0.0,13.7,64.0,64,Unknown,S0007,SYNTH GOLF,Tanker,Undefined,42,245,GPS,,SYNTHETIC,,AIS,176.4,68.6,21.0,21.0
25/08/2026 10:36:30,Class A,999100008,54.579161,11.334820,Under way using engine,0.0,3.1,150.0,150,Unknown,S0008,SYNTH HOTEL,Fishing,Undefined,6,22,GPS,,SYNTHETIC,,AIS,15.8,6.2,3.0,3.0
25/08/2026 10:36:30,Class A,999100009,54.615660,11.182661,Under way using engine,0.0,10.5,88.0,88,Unknown,S0009,SYNTH INDIA,Cargo,Undefined,23,155,GPS,,SYNTHETIC,,AIS,111.6,43.4,11.5,11.5
25/08/2026 10:36:30,Class A,999100010,54.621195,11.490179,Under way using engine,0.0,12.8,268.0,268,Unknown,S0010,SYNTH JULIET,Tanker,Undefined,30,190,GPS,,SYNTHETIC,,AIS,136.8,53.2,15.0,15.0
25/08/2026 10:36:30,Class A,999100011,54.637312,11.178385,Under way using engine,0.0,4.2,15.0,15,Unknown,S0011,SYNTH KILO,Fishing,Undefined,6,19,GPS,,SYNTHETIC,,AIS,13.7,5.3,3.0,3.0
25/08/2026 10:36:30,Class A,999100012,54.602927,11.490527,Under way using engine,0.0,8.9,200.0,200,Unknown,S0012,SYNTH LIMA,Cargo,Undefined,18,110,GPS,,SYNTHETIC,,AIS,79.2,30.8,9.0,9.0
25/08/2026 10:36:30,Class A,999100013,54.644315,11.204142,Under way using engine,0.0,5.5,340.0,340,Unknown,S0013,SYNTH MIKE,Tug,Undefined,10,30,GPS,,SYNTHETIC,,AIS,21.6,8.4,5.0,5.0
25/08/2026 10:36:30,Class A,999100014,54.458659,11.303116,Under way using engine,0.0,17.4,182.0,182,Unknown,S0014,SYNTH NOVEMBER,Passenger,Undefined,26,165,GPS,,SYNTHETIC,,AIS,118.8,46.2,13.0,13.0
25/08/2026 10:36:30,Class A,999100015,54.467665,11.345318,Under way using engine,0.0,11.9,250.0,250,Unknown,S0015,SYNTH OSCAR,Cargo,Undefined,31,205,GPS,,SYNTHETIC,,AIS,147.6,57.4,15.5,15.5
25/08/2026 10:36:30,Class A,999100016,54.488288,11.269737,Under way using engine,0.0,10.2,70.0,70,Unknown,S0016,SYNTH PAPA,Tanker,Undefined,27,175,GPS,,SYNTHETIC,,AIS,126.0,49.0,13.5,13.5
25/08/2026 10:36:40,Class A,999100001,54.583587,11.316669,Under way using engine,0.0,12.4,68.0,68,Unknown,S0001,SYNTH ALPHA,Cargo,Undefined,28,180,GPS,,SYNTHETIC,,AIS,129.6,50.4,14.0,14.0
25/08/2026 10:36:40,Class A,999100002,54.589983,11.312400,Under way using engine,0.0,11.1,247.0,247,Unknown,S0002,SYNTH BRAVO,Tanker,Undefined,32,228,GPS,,SYNTHETIC,,AIS,164.2,63.8,16.0,16.0
25/08/2026 10:36:40,Class A,999100003,54.571898,11.341546,Under way using engine,0.0,9.8,71.0,71,Unknown,S0003,SYNTH CHARLIE,Cargo,Undefined,16,96,GPS,,SYNTHETIC,,AIS,69.1,26.9,8.0,8.0
25/08/2026 10:36:40,Class A,999100004,54.576074,11.281623,Under way using engine,0.0,16.2,195.0,195,Unknown,S0004,SYNTH DELTA,Passenger,Undefined,24,142,GPS,,SYNTHETIC,,AIS,102.2,39.8,12.0,12.0
25/08/2026 10:36:40,Class A,999100005,54.595605,11.344358,Under way using engine,0.0,6.4,310.0,310,Unknown,S0005,SYNTH ECHO,Fishing,Undefined,7,26,GPS,,SYNTHETIC,,AIS,18.7,7.3,3.5,3.5
25/08/2026 10:36:40,Class A,999100006,54.580500,11.322276,At anchor,0.0,0.4,90.0,90,Unknown,S0006,SYNTH FOXTROT,Tug,Undefined,11,34,GPS,,SYNTHETIC,,AIS,24.5,9.5,5.5,5.5
25/08/2026 10:36:40,Class A,999100007,54.603102,11.309291,Under way using engine,0.0,13.7,64.0,64,Unknown,S0007,SYNTH GOLF,Tanker,Undefined,42,245,GPS,,SYNTHETIC,,AIS,176.4,68.6,21.0,21.0
25/08/2026 10:36:40,Class A,999100008,54.579037,11.334944,Under way using engine,0.0,3.1,150.0,150,Unknown,S0008,SYNTH HOTEL,Fishing,Undefined,6,22,GPS,,SYNTHETIC,,AIS,15.8,6.2,3.0,3.0
25/08/2026 10:36:40,Class A,999100009,54.615677,11.183498,Under way using engine,0.0,10.5,88.0,88,Unknown,S0009,SYNTH INDIA,Cargo,Undefined,23,155,GPS,,SYNTHETIC,,AIS,111.6,43.4,11.5,11.5
25/08/2026 10:36:40,Class A,999100010,54.621174,11.489158,Under way using engine,0.0,12.8,268.0,268,Unknown,S0010,SYNTH JULIET,Tanker,Undefined,30,190,GPS,,SYNTHETIC,,AIS,136.8,53.2,15.0,15.0
25/08/2026 10:36:40,Class A,999100011,54.637499,11.178472,Under way using engine,0.0,4.2,15.0,15,Unknown,S0011,SYNTH KILO,Fishing,Undefined,6,19,GPS,,SYNTHETIC,,AIS,13.7,5.3,3.0,3.0
25/08/2026 10:36:40,Class A,999100012,54.602540,11.490284,Under way using engine,0.0,8.9,200.0,200,Unknown,S0012,SYNTH LIMA,Cargo,Undefined,18,110,GPS,,SYNTHETIC,,AIS,79.2,30.8,9.0,9.0
25/08/2026 10:36:40,Class A,999100013,54.644554,11.203991,Under way using engine,0.0,5.5,340.0,340,Unknown,S0013,SYNTH MIKE,Tug,Undefined,10,30,GPS,,SYNTHETIC,,AIS,21.6,8.4,5.0,5.0
25/08/2026 10:36:40,Class A,999100014,54.457855,11.303068,Under way using engine,0.0,17.4,182.0,182,Unknown,S0014,SYNTH NOVEMBER,Passenger,Undefined,26,165,GPS,,SYNTHETIC,,AIS,118.8,46.2,13.0,13.0
25/08/2026 10:36:40,Class A,999100015,54.467476,11.344429,Under way using engine,0.0,11.9,250.0,250,Unknown,S0015,SYNTH OSCAR,Cargo,Undefined,31,205,GPS,,SYNTHETIC,,AIS,147.6,57.4,15.5,15.5
25/08/2026 10:36:40,Class A,999100016,54.488449,11.270500,Under way using engine,0.0,10.2,70.0,70,Unknown,S0016,SYNTH PAPA,Tanker,Undefined,27,175,GPS,,SYNTHETIC,,AIS,126.0,49.0,13.5,13.5
25/08/2026 10:36:50,Class A,999100001,54.583801,11.317586,Under way using engine,0.0,12.4,68.0,68,Unknown,S0001,SYNTH ALPHA,Cargo,Undefined,28,180,GPS,,SYNTHETIC,,AIS,129.6,50.4,14.0,14.0
25/08/2026 10:36:50,Class A,999100002,54.589782,11.311585,Under way using engine,0.0,11.1,247.0,247,Unknown,S0002,SYNTH BRAVO,Tanker,Undefined,32,228,GPS,,SYNTHETIC,,AIS,164.2,63.8,16.0,16.0
25/08/2026 10:36:50,Class A,999100003,54.572045,11.342285,Under way using engine,0.0,9.8,71.0,71,Unknown,S0003,SYNTH CHARLIE,Cargo,Undefined,16,96,GPS,,SYNTHETIC,,AIS,69.1,26.9,8.0,8.0
25/08/2026 10:36:50,Class A,999100004,54.575351,11.281289,Under way using engine,0.0,16.2,195.0,195,Unknown,S0004,SYNTH DELTA,Passenger,Undefined,24,142,GPS,,SYNTHETIC,,AIS,102.2,39.8,12.0,12.0
25/08/2026 10:36:50,Class A,999100005,54.595795,11.343967,Under way using engine,0.0,6.4,310.0,310,Unknown,S0005,SYNTH ECHO,Fishing,Undefined,7,26,GPS,,SYNTHETIC,,AIS,18.7,7.3,3.5,3.5
25/08/2026 10:36:50,Class A,999100006,54.580500,11.322308,At anchor,0.0,0.4,90.0,90,Unknown,S0006,SYNTH FOXTROT,Tug,Undefined,11,34,GPS,,SYNTHETIC,,AIS,24.5,9.5,5.5,5.5
25/08/2026 10:36:50,Class A,999100007,54.603379,11.310273,Under way using engine,0.0,13.7,64.0,64,Unknown,S0007,SYNTH GOLF,Tanker,Undefined,42,245,GPS,,SYNTHETIC,,AIS,176.4,68.6,21.0,21.0
25/08/2026 10:36:50,Class A,999100008,54.578913,11.335068,Under way using engine,0.0,3.1,150.0,150,Unknown,S0008,SYNTH HOTEL,Fishing,Undefined,6,22,GPS,,SYNTHETIC,,AIS,15.8,6.2,3.0,3.0
25/08/2026 10:36:50,Class A,999100009,54.615694,11.184336,Under way using engine,0.0,10.5,88.0,88,Unknown,S0009,SYNTH INDIA,Cargo,Undefined,23,155,GPS,,SYNTHETIC,,AIS,111.6,43.4,11.5,11.5
25/08/2026 10:36:50,Class A,999100010,54.621154,11.488137,Under way using engine,0.0,12.8,268.0,268,Unknown,S0010,SYNTH JULIET,Tanker,Undefined,30,190,GPS,,SYNTHETIC,,AIS,136.8,53.2,15.0,15.0
25/08/2026 10:36:50,Class A,999100011,54.637687,11.178558,Under way using engine,0.0,4.2,15.0,15,Unknown,S0011,SYNTH KILO,Fishing,Undefined,6,19,GPS,,SYNTHETIC,,AIS,13.7,5.3,3.0,3.0
25/08/2026 10:36:50,Class A,999100012,54.602154,11.490041,Under way using engine,0.0,8.9,200.0,200,Unknown,S0012,SYNTH LIMA,Cargo,Undefined,18,110,GPS,,SYNTHETIC,,AIS,79.2,30.8,9.0,9.0
25/08/2026 10:36:50,Class A,999100013,54.644793,11.203841,Under way using engine,0.0,5.5,340.0,340,Unknown,S0013,SYNTH MIKE,Tug,Undefined,10,30,GPS,,SYNTHETIC,,AIS,21.6,8.4,5.0,5.0
25/08/2026 10:36:50,Class A,999100014,54.457052,11.303020,Under way using engine,0.0,17.4,182.0,182,Unknown,S0014,SYNTH NOVEMBER,Passenger,Undefined,26,165,GPS,,SYNTHETIC,,AIS,118.8,46.2,13.0,13.0
25/08/2026 10:36:50,Class A,999100015,54.467288,11.343540,Under way using engine,0.0,11.9,250.0,250,Unknown,S0015,SYNTH OSCAR,Cargo,Undefined,31,205,GPS,,SYNTHETIC,,AIS,147.6,57.4,15.5,15.5
25/08/2026 10:36:50,Class A,999100016,54.488610,11.271263,Under way using engine,0.0,10.2,70.0,70,Unknown,S0016,SYNTH PAPA,Tanker,Undefined,27,175,GPS,,SYNTHETIC,,AIS,126.0,49.0,13.5,13.5
25/08/2026 10:37:00,Class A,999100001,54.584016,11.318503,Under way using engine,0.0,12.4,68.0,68,Unknown,S0001,SYNTH ALPHA,Cargo,Undefined,28,180,GPS,,SYNTHETIC,,AIS,129.6,50.4,14.0,14.0
25/08/2026 10:37:00,Class A,999100002,54.589582,11.310770,Under way using engine,0.0,11.1,247.0,247,Unknown,S0002,SYNTH BRAVO,Tanker,Undefined,32,228,GPS,,SYNTHETIC,,AIS,164.2,63.8,16.0,16.0
25/08/2026 10:37:00,Class A,999100003,54.572193,11.343023,Under way using engine,0.0,9.8,71.0,71,Unknown,S0003,SYNTH CHARLIE,Cargo,Undefined,16,96,GPS,,SYNTHETIC,,AIS,69.1,26.9,8.0,8.0
25/08/2026 10:37:00,Class A,999100004,54.574628,11.280955,Under way using engine,0.0,16.2,195.0,195,Unknown,S0004,SYNTH DELTA,Passenger,Undefined,24,142,GPS,,SYNTHETIC,,AIS,102.2,39.8,12.0,12.0
25/08/2026 10:37:00,Class A,999100005,54.595985,11.343576,Under way using engine,0.0,6.4,310.0,310,Unknown,S0005,SYNTH ECHO,Fishing,Undefined,7,26,GPS,,SYNTHETIC,,AIS,18.7,7.3,3.5,3.5
25/08/2026 10:37:00,Class A,999100006,54.580500,11.322340,At anchor,0.0,0.4,90.0,90,Unknown,S0006,SYNTH FOXTROT,Tug,Undefined,11,34,GPS,,SYNTHETIC,,AIS,24.5,9.5,5.5,5.5
25/08/2026 10:37:00,Class A,999100007,54.603657,11.311255,Under way using engine,0.0,13.7,64.0,64,Unknown,S0007,SYNTH GOLF,Tanker,Undefined,42,245,GPS,,SYNTHETIC,,AIS,176.4,68.6,21.0,21.0
25/08/2026 10:37:00,Class A,999100008,54.578789,11.335191,Under way using engine,0.0,3.1,150.0,150,Unknown,S0008,SYNTH HOTEL,Fishing,Undefined,6,22,GPS,,SYNTHETIC,,AIS,15.8,6.2,3.0,3.0
25/08/2026 10:37:00,Class A,999100009,54.615711,11.185173,Under way using engine,0.0,10.5,88.0,88,Unknown,S0009,SYNTH INDIA,Cargo,Undefined,23,155,GPS,,SYNTHETIC,,AIS,111.6,43.4,11.5,11.5
25/08/2026 10:37:00,Class A,999100010,54.621133,11.487116,Under way using engine,0.0,12.8,268.0,268,Unknown,S0010,SYNTH JULIET,Tanker,Undefined,30,190,GPS,,SYNTHETIC,,AIS,136.8,53.2,15.0,15.0
25/08/2026 10:37:00,Class A,999100011,54.637874,11.178645,Under way using engine,0.0,4.2,15.0,15,Unknown,S0011,SYNTH KILO,Fishing,Undefined,6,19,GPS,,SYNTHETIC,,AIS,13.7,5.3,3.0,3.0
25/08/2026 10:37:00,Class A,999100012,54.601767,11.489798,Under way using engine,0.0,8.9,200.0,200,Unknown,S0012,SYNTH LIMA,Cargo,Undefined,18,110,GPS,,SYNTHETIC,,AIS,79.2,30.8,9.0,9.0
25/08/2026 10:37:00,Class A,999100013,54.645031,11.203691,Under way using engine,0.0,5.5,340.0,340,Unknown,S0013,SYNTH MIKE,Tug,Undefined,10,30,GPS,,SYNTHETIC,,AIS,21.6,8.4,5.0,5.0
25/08/2026 10:37:00,Class A,999100014,54.456248,11.302972,Under way using engine,0.0,17.4,182.0,182,Unknown,S0014,SYNTH NOVEMBER,Passenger,Undefined,26,165,GPS,,SYNTHETIC,,AIS,118.8,46.2,13.0,13.0
25/08/2026 10:37:00,Class A,999100015,54.467100,11.342650,Under way using engine,0.0,11.9,250.0,250,Unknown,S0015,SYNTH OSCAR,Cargo,Undefined,31,205,GPS,,SYNTHETIC,,AIS,147.6,57.4,15.5,15.5
25/08/2026 10:37:00,Class A,999100016,54.488771,11.272025,Under way using engine,0.0,10.2,70.0,70,Unknown,S0016,SYNTH PAPA,Tanker,Undefined,27,175,GPS,,SYNTHETIC,,AIS,126.0,49.0,13.5,13.5
25/08/2026 10:37:10,Class A,999100001,54.584231,11.319420,Under way using engine,0.0,12.4,68.0,68,Unknown,S0001,SYNTH ALPHA,Cargo,Undefined,28,180,GPS,,SYNTHETIC,,AIS,129.6,50.4,14.0,14.0
25/08/2026 10:37:10,Class A,999100002,54.589381,11.309955,Under way using engine,0.0,11.1,247.0,247,Unknown,S0002,SYNTH BRAVO,Tanker,Undefined,32,228,GPS,,SYNTHETIC,,AIS,164.2,63.8,16.0,16.0
25/08/2026 10:37:10,Class A,999100003,54.572340,11.343762,Under way using engine,0.0,9.8,71.0,71,Unknown,S0003,SYNTH CHARLIE,Cargo,Undefined,16,96,GPS,,SYNTHETIC,,AIS,69.1,26.9,8.0,8.0
25/08/2026 10:37:10,Class A,999100004,54.573905,11.280620,Under way using engine,0.0,16.2,195.0,195,Unknown,S0004,SYNTH DELTA,Passenger,Undefined,24,142,GPS,,SYNTHETIC,,AIS,102.2,39.8,12.0,12.0
25/08/2026 10:37:10,Class A,999100005,54.596175,11.343185,Under way using engine,0.0,6.4,310.0,310,Unknown,S0005,SYNTH ECHO,Fishing,Undefined,7,26,GPS,,SYNTHETIC,,AIS,18.7,7.3,3.5,3.5
25/08/2026 10:37:10,Class A,999100006,54.580500,11.322372,At anchor,0.0,0.4,90.0,90,Unknown,S0006,SYNTH FOXTROT,Tug,Undefined,11,34,GPS,,SYNTHETIC,,AIS,24.5,9.5,5.5,5.5
25/08/2026 10:37:10,Class A,999100007,54.603934,11.312238,Under way using engine,0.0,13.7,64.0,64,Unknown,S0007,SYNTH GOLF,Tanker,Undefined,42,245,GPS,,SYNTHETIC,,AIS,176.4,68.6,21.0,21.0
25/08/2026 10:37:10,Class A,999100008,54.578665,11.335315,Under way using engine,0.0,3.1,150.0,150,Unknown,S0008,SYNTH HOTEL,Fishing,Undefined,6,22,GPS,,SYNTHETIC,,AIS,15.8,6.2,3.0,3.0
25/08/2026 10:37:10,Class A,999100009,54.615728,11.186011,Under way using engine,0.0,10.5,88.0,88,Unknown,S0009,SYNTH INDIA,Cargo,Undefined,23,155,GPS,,SYNTHETIC,,AIS,111.6,43.4,11.5,11.5
25/08/2026 10:37:10,Class A,999100010,54.621112,11.486094,Under way using engine,0.0,12.8,268.0,268,Unknown,S0010,SYNTH JULIET,Tanker,Undefined,30,190,GPS,,SYNTHETIC,,AIS,136.8,53.2,15.0,15.0
25/08/2026 10:37:10,Class A,999100011,54.638062,11.178732,Under way using engine,0.0,4.2,15.0,15,Unknown,S0011,SYNTH KILO,Fishing,Undefined,6,19,GPS,,SYNTHETIC,,AIS,13.7,5.3,3.0,3.0
25/08/2026 10:37:10,Class A,999100012,54.601381,11.489555,Under way using engine,0.0,8.9,200.0,200,Unknown,S0012,SYNTH LIMA,Cargo,Undefined,18,110,GPS,,SYNTHETIC,,AIS,79.2,30.8,9.0,9.0
25/08/2026 10:37:10,Class A,999100013,54.645270,11.203541,Under way using engine,0.0,5.5,340.0,340,Unknown,S0013,SYNTH MIKE,Tug,Undefined,10,30,GPS,,SYNTHETIC,,AIS,21.6,8.4,5.0,5.0
25/08/2026 10:37:10,Class A,999100014,54.455444,11.302923,Under way using engine,0.0,17.4,182.0,182,Unknown,S0014,SYNTH NOVEMBER,Passenger,Undefined,26,165,GPS,,SYNTHETIC,,AIS,118.8,46.2,13.0,13.0
25/08/2026 10:37:10,Class A,999100015,54.466912,11.341761,Under way using engine,0.0,11.9,250.0,250,Unknown,S0015,SYNTH OSCAR,Cargo,Undefined,31,205,GPS,,SYNTHETIC,,AIS,147.6,57.4,15.5,15.5
25/08/2026 10:37:10,Class A,999100016,54.488932,11.272788,Under way using engine,0.0,10.2,70.0,70,Unknown,S0016,SYNTH PAPA,Tanker,Undefined,27,175,GPS,,SYNTHETIC,,AIS,126.0,49.0,13.5,13.5
25/08/2026 10:37:20,Class A,999100001,54.584445,11.320337,Under way using engine,0.0,12.4,68.0,68,Unknown,S0001,SYNTH ALPHA,Cargo,Undefined,28,180,GPS,,SYNTHETIC,,AIS,129.6,50.4,14.0,14.0
25/08/2026 10:37:20,Class A,999100002,54.589181,11.309140,Under way using engine,0.0,11.1,247.0,247,Unknown,S0002,SYNTH BRAVO,Tanker,Undefined,32,228,GPS,,SYNTHETIC,,AIS,164.2,63.8,16.0,16.0
25/08/2026 10:37:20,Class A,999100003,54.572488,11.344501,Under way using engine,0.0,9.8,71.0,71,Unknown,S0003,SYNTH CHARLIE,Cargo,Undefined,16,96,GPS,,SYNTHETIC,,AIS,69.1,26.9,8.0,8.0
25/08/2026 10:37:20,Class A,999100004,54.573182,11.280286,Under way using engine,0.0,16.2,195.0,195,Unknown,S0004,SYNTH DELTA,Passenger,Undefined,24,142,GPS,,SYNTHETIC,,AIS,102.2,39.8,12.0,12.0
25/08/2026 10:37:20,Class A,999100005,54.596365,11.342794,Under way using engine,0.0,6.4,310.0,310,Unknown,S0005,SYNTH ECHO,Fishing,Undefined,7,26,GPS,,SYNTHETIC,,AIS,18.7,7.3,3.5,3.5
25/08/2026 10:37:20,Class A,999100006,54.580500,11.322403,At anchor,0.0,0.4,90.0,90,Unknown,S0006,SYNTH FOXTROT,Tug,Undefined,11,34,GPS,,SYNTHETIC,,AIS,24.5,9.5,5.5,5.5
25/08/2026 10:37:20,Class A,999100007,54.604212,11.313220,Under way using engine,0.0,13.7,64.0,64,Unknown,S0007,SYNTH GOLF,Tanker,Undefined,42,245,GPS,,SYNTHETIC,,AIS,176.4,68.6,21.0,21.0
25/08/2026 10:37:20,Class A,999100008,54.578541,11.335438,Under way using engine,0.0,3.1,150.0,150,Unknown,S0008,SYNTH HOTEL,Fishing,Undefined,6,22,GPS,,SYNTHETIC,,AIS,15.8,6.2,3.0,3.0
25/08/2026 10:37:20,Class A,999100009,54.615745,11.186848,Under way using engine,0.0,10.5,88.0,88,Unknown,S0009,SYNTH INDIA,Cargo,Undefined,23,155,GPS,,SYNTHETIC,,AIS,111.6,43.4,11.5,11.5
25/08/2026 10:37:20,Class A,999100010,54.621092,11.485073,Under way using engine,0.0,12.8,268.0,268,Unknown,S0010,SYNTH JULIET,Tanker,Undefined,30,190,GPS,,SYNTHETIC,,AIS,136.8,53.2,15.0,15.0
25/08/2026 10:37:20,Class A,999100011,54.638249,11.178819,Under way using engine,0.0,4.2,15.0,15,Unknown,S0011,SYNTH KILO,Fishing,Undefined,6,19,GPS,,SYNTHETIC,,AIS,13.7,5.3,3.0,3.0
25/08/2026 10:37:20,Class A,999100012,54.600994,11.489313,Under way using engine,0.0,8.9,200.0,200,Unknown,S0012,SYNTH LIMA,Cargo,Undefined,18,110,GPS,,SYNTHETIC,,AIS,79.2,30.8,9.0,9.0
25/08/2026 10:37:20,Class A,999100013,54.645509,11.203390,Under way using engine,0.0,5.5,340.0,340,Unknown,S0013,SYNTH MIKE,Tug,Undefined,10,30,GPS,,SYNTHETIC,,AIS,21.6,8.4,5.0,5.0
25/08/2026 10:37:20,Class A,999100014,54.454641,11.302875,Under way using engine,0.0,17.4,182.0,182,Unknown,S0014,SYNTH NOVEMBER,Passenger,Undefined,26,165,GPS,,SYNTHETIC,,AIS,118.8,46.2,13.0,13.0
25/08/2026 10:37:20,Class A,999100015,54.466724,11.340872,Under way using engine,0.0,11.9,250.0,250,Unknown,S0015,SYNTH OSCAR,Cargo,Undefined,31,205,GPS,,SYNTHETIC,,AIS,147.6,57.4,15.5,15.5
25/08/2026 10:37:20,Class A,999100016,54.489094,11.273550,Under way using engine,0.0,10.2,70.0,70,Unknown,S0016,SYNTH PAPA,Tanker,Undefined,27,175,GPS,,SYNTHETIC,,AIS,126.0,49.0,13.5,13.5
25/08/2026 10:37:30,Class A,999100001,54.584660,11.321253,Under way using engine,0.0,12.4,68.0,68,Unknown,S0001,SYNTH ALPHA,Cargo,Undefined,28,180,GPS,,SYNTHETIC,,AIS,129.6,50.4,14.0,14.0
25/08/2026 10:37:30,Class A,999100002,54.588981,11.308325,Under way using engine,0.0,11.1,247.0,247,Unknown,S0002,SYNTH BRAVO,Tanker,Undefined,32,228,GPS,,SYNTHETIC,,AIS,164.2,63.8,16.0,16.0
25/08/2026 10:37:30,Class A,999100003,54.572635,11.345240,Under way using engine,0.0,9.8,71.0,71,Unknown,S0003,SYNTH CHARLIE,Cargo,Undefined,16,96,GPS,,SYNTHETIC,,AIS,69.1,26.9,8.0,8.0
25/08/2026 10:37:30,Class A,999100004,54.572459,11.279952,Under way using engine,0.0,16.2,195.0,195,Unknown,S0004,SYNTH DELTA,Passenger,Undefined,24,142,GPS,,SYNTHETIC,,AIS,102.2,39.8,12.0,12.0
25/08/2026 10:37:30,Class A,999100005,54.596555,11.342403,Under way using engine,0.0,6.4,310.0,310,Unknown,S0005,SYNTH ECHO,Fishing,Undefined,7,26,GPS,,SYNTHETIC,,AIS,18.7,7.3,3.5,3.5
25/08/2026 10:37:30,Class A,999100006,54.580500,11.322435,At anchor,0.0,0.4,90.0,90,Unknown,S0006,SYNTH FOXTROT,Tug,Undefined,11,34,GPS,,SYNTHETIC,,AIS,24.5,9.5,5.5,5.5
25/08/2026 10:37:30,Class A,999100007,54.604489,11.314203,Under way using engine,0.0,13.7,64.0,64,Unknown,S0007,SYNTH GOLF,Tanker,Undefined,42,245,GPS,,SYNTHETIC,,AIS,176.4,68.6,21.0,21.0
25/08/2026 10:37:30,Class A,999100008,54.578417,11.335562,Under way using engine,0.0,3.1,150.0,150,Unknown,S0008,SYNTH HOTEL,Fishing,Undefined,6,22,GPS,,SYNTHETIC,,AIS,15.8,6.2,3.0,3.0
25/08/2026 10:37:30,Class A,999100009,54.615762,11.187686,Under way using engine,0.0,10.5,88.0,88,Unknown,S0009,SYNTH INDIA,Cargo,Undefined,23,155,GPS,,SYNTHETIC,,AIS,111.6,43.4,11.5,11.5
25/08/2026 10:37:30,Class A,999100010,54.621071,11.484052,Under way using engine,0.0,12.8,268.0,268,Unknown,S0010,SYNTH JULIET,Tanker,Undefined,30,190,GPS,,SYNTHETIC,,AIS,136.8,53.2,15.0,15.0
25/08/2026 10:37:30,Class A,999100011,54.638437,11.178906,Under way using engine,0.0,4.2,15.0,15,Unknown,S0011,SYNTH KILO,Fishing,Undefined,6,19,GPS,,SYNTHETIC,,AIS,13.7,5.3,3.0,3.0
25/08/2026 10:37:30,Class A,999100012,54.600608,11.489070,Under way using engine,0.0,8.9,200.0,200,Unknown,S0012,SYNTH LIMA,Cargo,Undefined,18,110,GPS,,SYNTHETIC,,AIS,79.2,30.8,9.0,9.0
25/08/2026 10:37:30,Class A,999100013,54.645748,11.203240,Under way using engine,0.0,5.5,340.0,340,Unknown,S0013,SYNTH MIKE,Tug,Undefined,10,30,GPS,,SYNTHETIC,,AIS,21.6,8.4,5.0,5.0
25/08/2026 10:37:30,Class A,999100014,54.453837,11.302827,Under way using engine,0.0,17.4,182.0,182,Unknown,S0014,SYNTH NOVEMBER,Passenger,Undefined,26,165,GPS,,SYNTHETIC,,AIS,118.8,46.2,13.0,13.0
25/08/2026 10:37:30,Class A,999100015,54.466536,11.339983,Under way using engine,0.0,11.9,250.0,250,Unknown,S0015,SYNTH OSCAR,Cargo,Undefined,31,205,GPS,,SYNTHETIC,,AIS,147.6,57.4,15.5,15.5
25/08/2026 10:37:30,Class A,999100016,54.489255,11.274313,Under way using engine,0.0,10.2,70.0,70,Unknown,S0016,SYNTH PAPA,Tanker,Undefined,27,175,GPS,,SYNTHETIC,,AIS,126.0,49.0,13.5,13.5
25/08/2026 10:37:40,Class A,999100001,54.584875,11.322170,Under way using engine,0.0,12.4,68.0,68,Unknown,S0001,SYNTH ALPHA,Cargo,Undefined,28,180,GPS,,SYNTHETIC,,AIS,129.6,50.4,14.0,14.0
25/08/2026 10:37:40,Class A,999100002,54.588780,11.307510,Under way using engine,0.0,11.1,247.0,247,Unknown,S0002,SYNTH BRAVO,Tanker,Undefined,32,228,GPS,,SYNTHETIC,,AIS,164.2,63.8,16.0,16.0
25/08/2026 10:37:40,Class A,999100003,54.572783,11.345978,Under way using engine,0.0,9.8,71.0,71,Unknown,S0003,SYNTH CHARLIE,Cargo,Undefined,16,96,GPS,,SYNTHETIC,,AIS,69.1,26.9,8.0,8.0
25/08/2026 10:37:40,Class A,999100004,54.571735,11.279618,Under way using engine,0.0,16.2,195.0,195,Unknown,S0004,SYNTH DELTA,Passenger,Undefined,24,142,GPS,,SYNTHETIC,,AIS,102.2,39.8,12.0,12.0
25/08/2026 10:37:40,Class A,999100005,54.596745,11.342012,Under way using engine,0.0,6.4,310.0,310,Unknown,S0005,SYNTH ECHO,Fishing,Undefined,7,26,GPS,,SYNTHETIC,,AIS,18.7,7.3,3.5,3.5
25/08/2026 10:37:40,Class A,999100006,54.580500,11.322467,At anchor,0.0,0.4,90.0,90,Unknown,S0006,SYNTH FOXTROT,Tug,Undefined,11,34,GPS,,SYNTHETIC,,AIS,24.5,9.5,5.5,5.5
25/08/2026 10:37:40,Class A,999100007,54.604767,11.315185,Under way using engine,0.0,13.7,64.0,64,Unknown,S0007,SYNTH GOLF,Tanker,Undefined,42,245,GPS,,SYNTHETIC,,AIS,176.4,68.6,21.0,21.0
25/08/2026 10:37:40,Class A,999100008,54.578293,11.335685,Under way using engine,0.0,3.1,150.0,150,Unknown,S0008,SYNTH HOTEL,Fishing,Undefined,6,22,GPS,,SYNTHETIC,,AIS,15.8,6.2,3.0,3.0
25/08/2026 10:37:40,Class A,999100009,54.615779,11.188523,Under way using engine,0.0,10.5,88.0,88,Unknown,S0009,SYNTH INDIA,Cargo,Undefined,23,155,GPS,,SYNTHETIC,,AIS,111.6,43.4,11.5,11.5
25/08/2026 10:37:40,Class A,999100010,54.621050,11.483031,Under way using engine,0.0,12.8,268.0,268,Unknown,S0010,SYNTH JULIET,Tanker,Undefined,30,190,GPS,,SYNTHETIC,,AIS,136.8,53.2,15.0,15.0
25/08/2026 10:37:40,Class A,999100011,54.638624,11.178992,Under way using engine,0.0,4.2,15.0,15,Unknown,S0011,SYNTH KILO,Fishing,Undefined,6,19,GPS,,SYNTHETIC,,AIS,13.7,5.3,3.0,3.0
25/08/2026 10:37:40,Class A,999100012,54.600221,11.488827,Under way using engine,0.0,8.9,200.0,200,Unknown,S0012,SYNTH LIMA,Cargo,Undefined,18,110,GPS,,SYNTHETIC,,AIS,79.2,30.8,9.0,9.0
25/08/2026 10:37:40,Class A,999100013,54.645987,11.203090,Under way using engine,0.0,5.5,340.0,340,Unknown,S0013,SYNTH MIKE,Tug,Undefined,10,30,GPS,,SYNTHETIC,,AIS,21.6,8.4,5.0,5.0
25/08/2026 10:37:40,Class A,999100014,54.453034,11.302779,Under way using engine,0.0,17.4,182.0,182,Unknown,S0014,SYNTH NOVEMBER,Passenger,Undefined,26,165,GPS,,SYNTHETIC,,AIS,118.8,46.2,13.0,13.0
25/08/2026 10:37:40,Class A,999100015,54.466348,11.339094,Under way using engine,0.0,11.9,250.0,250,Unknown,S0015,SYNTH OSCAR,Cargo,Undefined,31,205,GPS,,SYNTHETIC,,AIS,147.6,57.4,15.5,15.5
25/08/2026 10:37:40,Class A,999100016,54.489416,11.275075,Under way using engine,0.0,10.2,70.0,70,Unknown,S0016,SYNTH PAPA,Tanker,Undefined,27,175,GPS,,SYNTHETIC,,AIS,126.0,49.0,13.5,13.5
25/08/2026 10:37:50,Class A,999100001,54.585089,11.323087,Under way using engine,0.0,12.4,68.0,68,Unknown,S0001,SYNTH ALPHA,Cargo,Undefined,28,180,GPS,,SYNTHETIC,,AIS,129.6,50.4,14.0,14.0
25/08/2026 10:37:50,Class A,999100002,54.588580,11.306695,Under way using engine,0.0,11.1,247.0,247,Unknown,S0002,SYNTH BRAVO,Tanker,Undefined,32,228,GPS,,SYNTHETIC,,AIS,164.2,63.8,16.0,16.0
25/08/2026 10:37:50,Class A,999100003,54.572930,11.346717,Under way using engine,0.0,9.8,71.0,71,Unknown,S0003,SYNTH CHARLIE,Cargo,Undefined,16,96,GPS,,SYNTHETIC,,AIS,69.1,26.9,8.0,8.0
25/08/2026 10:37:50,Class A,999100004,54.571012,11.279283,Under way using engine,0.0,16.2,195.0,195,Unknown,S0004,SYNTH DELTA,Passenger,Undefined,24,142,GPS,,SYNTHETIC,,AIS,102.2,39.8,12.0,12.0
25/08/2026 10:37:50,Class A,999100005,54.596935,11.341621,Under way using engine,0.0,6.4,310.0,310,Unknown,S0005,SYNTH ECHO,Fishing,Undefined,7,26,GPS,,SYNTHETIC,,AIS,18.7,7.3,3.5,3.5
25/08/2026 10:37:50,Class A,999100006,54.580500,11.322499,At anchor,0.0,0.4,90.0,90,Unknown,S0006,SYNTH FOXTROT,Tug,Undefined,11,34,GPS,,SYNTHETIC,,AIS,24.5,9.5,5.5,5.5
25/08/2026 10:37:50,Class A,999100007,54.605044,11.316168,Under way using engine,0.0,13.7,64.0,64,Unknown,S0007,SYNTH GOLF,Tanker,Undefined,42,245,GPS,,SYNTHETIC,,AIS,176.4,68.6,21.0,21.0
25/08/2026 10:37:50,Class A,999100008,54.578169,11.335809,Under way using engine,0.0,3.1,150.0,150,Unknown,S0008,SYNTH HOTEL,Fishing,Undefined,6,22,GPS,,SYNTHETIC,,AIS,15.8,6.2,3.0,3.0
25/08/2026 10:37:50,Class A,999100009,54.615796,11.189361,Under way using engine,0.0,10.5,88.0,88,Unknown,S0009,SYNTH INDIA,Cargo,Undefined,23,155,GPS,,SYNTHETIC,,AIS,111.6,43.4,11.5,11.5
25/08/2026 10:37:50,Class A,999100010,54.621030,11.482010,Under way using engine,0.0,12.8,268.0,268,Unknown,S0010,SYNTH JULIET,Tanker,Undefined,30,190,GPS,,SYNTHETIC,,AIS,136.8,53.2,15.0,15.0
25/08/2026 10:37:50,Class A,999100011,54.638812,11.179079,Under way using engine,0.0,4.2,15.0,15,Unknown,S0011,SYNTH KILO,Fishing,Undefined,6,19,GPS,,SYNTHETIC,,AIS,13.7,5.3,3.0,3.0
25/08/2026 10:37:50,Class A,999100012,54.599835,11.488584,Under way using engine,0.0,8.9,200.0,200,Unknown,S0012,SYNTH LIMA,Cargo,Undefined,18,110,GPS,,SYNTHETIC,,AIS,79.2,30.8,9.0,9.0
25/08/2026 10:37:50,Class A,999100013,54.646226,11.202940,Under way using engine,0.0,5.5,340.0,340,Unknown,S0013,SYNTH MIKE,Tug,Undefined,10,30,GPS,,SYNTHETIC,,AIS,21.6,8.4,5.0,5.0
25/08/2026 10:37:50,Class A,999100014,54.452230,11.302730,Under way using engine,0.0,17.4,182.0,182,Unknown,S0014,SYNTH NOVEMBER,Passenger,Undefined,26,165,GPS,,SYNTHETIC,,AIS,118.8,46.2,13.0,13.0
25/08/2026 10:37:50,Class A,999100015,54.466160,11.338204,Under way using engine,0.0,11.9,250.0,250,Unknown,S0015,SYNTH OSCAR,Cargo,Undefined,31,205,GPS,,SYNTHETIC,,AIS,147.6,57.4,15.5,15.5
25/08/2026 10:37:50,Class A,999100016,54.489577,11.275838,Under way using engine,0.0,10.2,70.0,70,Unknown,S0016,SYNTH PAPA,Tanker,Undefined,27,175,GPS,,SYNTHETIC,,AIS,126.0,49.0,13.5,13.5
25/08/2026 10:38:00,Class A,999100001,54.585304,11.324004,Under way using engine,0.0,12.4,68.0,68,Unknown,S0001,SYNTH ALPHA,Cargo,Undefined,28,180,GPS,,SYNTHETIC,,AIS,129.6,50.4,14.0,14.0
25/08/2026 10:38:00,Class A,999100002,54.588379,11.305880,Under way using engine,0.0,11.1,247.0,247,Unknown,S0002,SYNTH BRAVO,Tanker,Undefined,32,228,GPS,,SYNTHETIC,,AIS,164.2,63.8,16.0,16.0
25/08/2026 10:38:00,Class A,999100003,54.573077,11.347456,Under way using engine,0.0,9.8,71.0,71,Unknown,S0003,SYNTH CHARLIE,Cargo,Undefined,16,96,GPS,,SYNTHETIC,,AIS,69.1,26.9,8.0,8.0
25/08/2026 10:38:00,Class A,999100004,54.570289,11.278949,Under way using engine,0.0,16.2,195.0,195,Unknown,S0004,SYNTH DELTA,Passenger,Undefined,24,142,GPS,,SYNTHETIC,,AIS,102.2,39.8,12.0,12.0
25/08/2026 10:38:00,Class A,999100005,54.597125,11.341230,Under way using engine,0.0,6.4,310.0,310,Unknown,S0005,SYNTH ECHO,Fishing,Undefined,7,26,GPS,,SYNTHETIC,,AIS,18.7,7.3,3.5,3.5
25/08/2026 10:38:00,Class A,999100006,54.580500,11.322531,At anchor,0.0,0.4,90.0,90,Unknown,S0006,SYNTH FOXTROT,Tug,Undefined,11,34,GPS,,SYNTHETIC,,AIS,24.5,9.5,5.5,5.5
25/08/2026 10:38:00,Class A,999100007,54.605322,11.317150,Under way using engine,0.0,13.7,64.0,64,Unknown,S0007,SYNTH GOLF,Tanker,Undefined,42,245,GPS,,SYNTHETIC,,AIS,176.4,68.6,21.0,21.0
25/08/2026 10:38:00,Class A,999100008,54.578045,11.335933,Under way using engine,0.0,3.1,150.0,150,Unknown,S0008,SYNTH HOTEL,Fishing,Undefined,6,22,GPS,,SYNTHETIC,,AIS,15.8,6.2,3.0,3.0
25/08/2026 10:38:00,Class A,999100009,54.615813,11.190198,Under way using engine,0.0,10.5,88.0,88,Unknown,S0009,SYNTH INDIA,Cargo,Undefined,23,155,GPS,,SYNTHETIC,,AIS,111.6,43.4,11.5,11.5
25/08/2026 10:38:00,Class A,999100010,54.621009,11.480989,Under way using engine,0.0,12.8,268.0,268,Unknown,S0010,SYNTH JULIET,Tanker,Undefined,30,190,GPS,,SYNTHETIC,,AIS,136.8,53.2,15.0,15.0
25/08/2026 10:38:00,Class A,999100011,54.638999,11.179166,Under way using engine,0.0,4.2,15.0,15,Unknown,S0011,SYNTH KILO,Fishing,Undefined,6,19,GPS,,SYNTHETIC,,AIS,13.7,5.3,3.0,3.0
25/08/2026 10:38:00,Class A,999100012,54.599448,11.488341,Under way using engine,0.0,8.9,200.0,200,Unknown,S0012,SYNTH LIMA,Cargo,Undefined,18,110,GPS,,SYNTHETIC,,AIS,79.2,30.8,9.0,9.0
25/08/2026 10:38:00,Class A,999100013,54.646464,11.202790,Under way using engine,0.0,5.5,340.0,340,Unknown,S0013,SYNTH MIKE,Tug,Undefined,10,30,GPS,,SYNTHETIC,,AIS,21.6,8.4,5.0,5.0
25/08/2026 10:38:00,Class A,999100014,54.451426,11.302682,Under way using engine,0.0,17.4,182.0,182,Unknown,S0014,SYNTH NOVEMBER,Passenger,Undefined,26,165,GPS,,SYNTHETIC,,AIS,118.8,46.2,13.0,13.0
25/08/2026 10:38:00,Class A,999100015,54.465972,11.337315,Under way using engine,0.0,11.9,250.0,250,Unknown,S0015,SYNTH OSCAR,Cargo,Undefined,31,205,GPS,,SYNTHETIC,,AIS,147.6,57.4,15.5,15.5
25/08/2026 10:38:00,Class A,999100016,54.489739,11.276601,Under way using engine,0.0,10.2,70.0,70,Unknown,S0016,SYNTH PAPA,Tanker,Undefined,27,175,GPS,,SYNTHETIC,,AIS,126.0,49.0,13.5,13.5
25/08/2026 10:38:10,Class A,999100001,54.585519,11.324921,Under way using engine,0.0,12.4,68.0,68,Unknown,S0001,SYNTH ALPHA,Cargo,Undefined,28,180,GPS,,SYNTHETIC,,AIS,129.6,50.4,14.0,14.0
25/08/2026 10:38:10,Class A,999100002,54.588179,11.305066,Under way using engine,0.0,11.1,247.0,247,Unknown,S0002,SYNTH BRAVO,Tanker,Undefined,32,228,GPS,,SYNTHETIC,,AIS,164.2,63.8,16.0,16.0
25/08/2026 10:38:10,Class A,999100003,54.573225,11.348195,Under way using engine,0.0,9.8,71.0,71,Unknown,S0003,SYNTH CHARLIE,Cargo,Undefined,16,96,GPS,,SYNTHETIC,,AIS,69.1,26.9,8.0,8.0
25/08/2026 10:38:10,Class A,999100004,54.569566,11.278615,Under way using engine,0.0,16.2,195.0,195,Unknown,S0004,SYNTH DELTA,Passenger,Undefined,24,142,GPS,,SYNTHETIC,,AIS,102.2,39.8,12.0,12.0
25/08/2026 10:38:10,Class A,999100005,54.597316,11.340839,Under way using engine,0.0,6.4,310.0,310,Unknown,S0005,SYNTH ECHO,Fishing,Undefined,7,26,GPS,,SYNTHETIC,,AIS,18.7,7.3,3.5,3.5
25/08/2026 10:38:10,Class A,999100006,54.580500,11.322563,At anchor,0.0,0.4,90.0,90,Unknown,S0006,SYNTH FOXTROT,Tug,Undefined,11,34,GPS,,SYNTHETIC,,AIS,24.5,9.5,5.5,5.5
25/08/2026 10:38:10,Class A,999100007,54.605600,11.318132,Under way using engine,0.0,13.7,64.0,64,Unknown,S0007,SYNTH GOLF,Tanker,Undefined,42,245,GPS,,SYNTHETIC,,AIS,176.4,68.6,21.0,21.0
25/08/2026 10:38:10,Class A,999100008,54.577921,11.336056,Under way using engine,0.0,3.1,150.0,150,Unknown,S0008,SYNTH HOTEL,Fishing,Undefined,6,22,GPS,,SYNTHETIC,,AIS,15.8,6.2,3.0,3.0
25/08/2026 10:38:10,Class A,999100009,54.615830,11.191036,Under way using engine,0.0,10.5,88.0,88,Unknown,S0009,SYNTH INDIA,Cargo,Undefined,23,155,GPS,,SYNTHETIC,,AIS,111.6,43.4,11.5,11.5
25/08/2026 10:38:10,Class A,999100010,54.620988,11.479968,Under way using engine,0.0,12.8,268.0,268,Unknown,S0010,SYNTH JULIET,Tanker,Undefined,30,190,GPS,,SYNTHETIC,,AIS,136.8,53.2,15.0,15.0
25/08/2026 10:38:10,Class A,999100011,54.639187,11.179253,Under way using engine,0.0,4.2,15.0,15,Unknown,S0011,SYNTH KILO,Fishing,Undefined,6,19,GPS,,SYNTHETIC,,AIS,13.7,5.3,3.0,3.0
25/08/2026 10:38:10,Class A,999100012,54.599062,11.488098,Under way using engine,0.0,8.9,200.0,200,Unknown,S0012,SYNTH LIMA,Cargo,Undefined,18,110,GPS,,SYNTHETIC,,AIS,79.2,30.8,9.0,9.0
25/08/2026 10:38:10,Class A,999100013,54.646703,11.202639,Under way using engine,0.0,5.5,340.0,340,Unknown,S0013,SYNTH MIKE,Tug,Undefined,10,30,GPS,,SYNTHETIC,,AIS,21.6,8.4,5.0,5.0
25/08/2026 10:38:10,Class A,999100014,54.450623,11.302634,Under way using engine,0.0,17.4,182.0,182,Unknown,S0014,SYNTH NOVEMBER,Passenger,Undefined,26,165,GPS,,SYNTHETIC,,AIS,118.8,46.2,13.0,13.0
25/08/2026 10:38:10,Class A,999100015,54.465784,11.336426,Under way using engine,0.0,11.9,250.0,250,Unknown,S0015,SYNTH OSCAR,Cargo,Undefined,31,205,GPS,,SYNTHETIC,,AIS,147.6,57.4,15.5,15.5
25/08/2026 10:38:10,Class A,999100016,54.489900,11.277363,Under way using engine,0.0,10.2,70.0,70,Unknown,S0016,SYNTH PAPA,Tanker,Undefined,27,175,GPS,,SYNTHETIC,,AIS,126.0,49.0,13.5,13.5
25/08/2026 10:38:20,Class A,999100001,54.585733,11.325838,Under way using engine,0.0,12.4,68.0,68,Unknown,S0001,SYNTH ALPHA,Cargo,Undefined,28,180,GPS,,SYNTHETIC,,AIS,129.6,50.4,14.0,14.0
25/08/2026 10:38:20,Class A,999100002,54.587978,11.304251,Under way using engine,0.0,11.1,247.0,247,Unknown,S0002,SYNTH BRAVO,Tanker,Undefined,32,228,GPS,,SYNTHETIC,,AIS,164.2,63.8,16.0,16.0
25/08/2026 10:38:20,Class A,999100003,54.573372,11.348933,Under way using engine,0.0,9.8,71.0,71,Unknown,S0003,SYNTH CHARLIE,Cargo,Undefined,16,96,GPS,,SYNTHETIC,,AIS,69.1,26.9,8.0,8.0
25/08/2026 10:38:20,Class A,999100004,54.568843,11.278281,Under way using engine,0.0,16.2,195.0,195,Unknown,S0004,SYNTH DELTA,Passenger,Undefined,24,142,GPS,,SYNTHETIC,,AIS,102.2,39.8,12.0,12.0
25/08/2026 10:38:20,Class A,999100005,54.597506,11.340448,Under way using engine,0.0,6.4,310.0,310,Unknown,S0005,SYNTH ECHO,Fishing,Undefined,7,26,GPS,,SYNTHETIC,,AIS,18.7,7.3,3.5,3.5
25/08/2026 10:38:20,Class A,999100006,54.580500,11.322595,At anchor,0.0,0.4,90.0,90,Unknown,S0006,SYNTH FOXTROT,Tug,Undefined,11,34,GPS,,SYNTHETIC,,AIS,24.5,9.5,5.5,5.5
25/08/2026 10:38:20,Class A,999100007,54.605877,11.319115,Under way using engine,0.0,13.7,64.0,64,Unknown,S0007,SYNTH GOLF,Tanker,Undefined,42,245,GPS,,SYNTHETIC,,AIS,176.4,68.6,21.0,21.0
25/08/2026 10:38:20,Class A,999100008,54.577797,11.336180,Under way using engine,0.0,3.1,150.0,150,Unknown,S0008,SYNTH HOTEL,Fishing,Undefined,6,22,GPS,,SYNTHETIC,,AIS,15.8,6.2,3.0,3.0
25/08/2026 10:38:20,Class A,999100009,54.615847,11.191873,Under way using engine,0.0,10.5,88.0,88,Unknown,S0009,SYNTH INDIA,Cargo,Undefined,23,155,GPS,,SYNTHETIC,,AIS,111.6,43.4,11.5,11.5
25/08/2026 10:38:20,Class A,999100010,54.620968,11.478947,Under way using engine,0.0,12.8,268.0,268,Unknown,S0010,SYNTH JULIET,Tanker,Undefined,30,190,GPS,,SYNTHETIC,,AIS,136.8,53.2,15.0,15.0
25/08/2026 10:38:20,Class A,999100011,54.639374,11.179340,Under way using engine,0.0,4.2,15.0,15,Unknown,S0011,SYNTH KILO,Fishing,Undefined,6,19,GPS,,SYNTHETIC,,AIS,13.7,5.3,3.0,3.0
25/08/2026 10:38:20,Class A,999100012,54.598675,11.487856,Under way using engine,0.0,8.9,200.0,200,Unknown,S0012,SYNTH LIMA,Cargo,Undefined,18,110,GPS,,SYNTHETIC,,AIS,79.2,30.8,9.0,9.0
25/08/2026 10:38:20,Class A,999100013,54.646942,11.202489,Under way using engine,0.0,5.5,340.0,340,Unknown,S0013,SYNTH MIKE,Tug,Undefined,10,30,GPS,,SYNTHETIC,,AIS,21.6,8.4,5.0,5.0
25/08/2026 10:38:20,Class A,999100014,54.449819,11.302585,Under way using engine,0.0,17.4,182.0,182,Unknown,S0014,SYNTH NOVEMBER,Passenger,Undefined,26,165,GPS,,SYNTHETIC,,AIS,118.8,46.2,13.0,13.0
25/08/2026 10:38:20,Class A,999100015,54.465596,11.335537,Under way using engine,0.0,11.9,250.0,250,Unknown,S0015,SYNTH OSCAR,Cargo,Undefined,31,205,GPS,,SYNTHETIC,,AIS,147.6,57.4,15.5,15.5
25/08/2026 10:38:20,Class A,999100016,54.490061,11.278126,Under way using engine,0.0,10.2,70.0,70,Unknown,S0016,SYNTH PAPA,Tanker,Undefined,27,175,GPS,,SYNTHETIC,,AIS,126.0,49.0,13.5,13.5
25/08/2026 10:38:30,Class A,999100001,54.585948,11.326755,Under way using engine,0.0,12.4,68.0,68,Unknown,S0001,SYNTH ALPHA,Cargo,Undefined,28,180,GPS,,SYNTHETIC,,AIS,129.6,50.4,14.0,14.0
25/08/2026 10:38:30,Class A,999100002,54.587778,11.303436,Under way using engine,0.0,11.1,247.0,247,Unknown,S0002,SYNTH BRAVO,Tanker,Undefined,32,228,GPS,,SYNTHETIC,,AIS,164.2,63.8,16.0,16.0
25/08/2026 10:38:30,Class A,999100003,54.573520,11.349672,Under way using engine,0.0,9.8,71.0,71,Unknown,S0003,SYNTH CHARLIE,Cargo,Undefined,16,96,GPS,,SYNTHETIC,,AIS,69.1,26.9,8.0,8.0
25/08/2026 10:38:30,Class A,999100004,54.568120,11.277946,Under way using engine,0.0,16.2,195.0,195,Unknown,S0004,SYNTH DELTA,Passenger,Undefined,24,142,GPS,,SYNTHETIC,,AIS,102.2,39.8,12.0,12.0
25/08/2026 10:38:30,Class A,999100005,54.597696,11.340056,Under way using engine,0.0,6.4,310.0,310,Unknown,S0005,SYNTH ECHO,Fishing,Undefined,7,26,GPS,,SYNTHETIC,,AIS,18.7,7.3,3.5,3.5
25/08/2026 10:38:30,Class A,999100006,54.580500,11.322627,At anchor,0.0,0.4,90.0,90,Unknown,S0006,SYNTH FOXTROT,Tug,Undefined,11,34,GPS,,SYNTHETIC,,AIS,24.5,9.5,5.5,5.5
25/08/2026 10:38:30,Class A,999100007,54.606155,11.320097,Under way using engine,0.0,13.7,64.0,64,Unknown,S0007,SYNTH GOLF,Tanker,Undefined,42,245,GPS,,SYNTHETIC,,AIS,176.4,68.6,21.0,21.0
25/08/2026 10:38:30,Class A,999100008,54.577673,11.336303,Under way using engine,0.0,3.1,150.0,150,Unknown,S0008,SYNTH HOTEL,Fishing,Undefined,6,22,GPS,,SYNTHETIC,,AIS,15.8,6.2,3.0,3.0
25/08/2026 10:38:30,Class A,999100009,54.615864,11.192711,Under way using engine,0.0,10.5,88.0,88,Unknown,S0009,SYNTH INDIA,Cargo,Undefined,23,155,GPS,,SYNTHETIC,,AIS,111.6,43.4,11.5,11.5
25/08/2026 10:38:30,Class A,999100010,54.620947,11.477926,Under way using engine,0.0,12.8,268.0,268,Unknown,S0010,SYNTH JULIET,Tanker,Undefined,30,190,GPS,,SYNTHETIC,,AIS,136.8,53.2,15.0,15.0
25/08/2026 10:38:30,Class A,999100011,54.639562,11.179427,Under way using engine,0.0,4.2,15.0,15,Unknown,S0011,SYNTH KILO,Fishing,Undefined,6,19,GPS,,SYNTHETIC,,AIS,13.7,5.3,3.0,3.0
25/08/2026 10:38:30,Class A,999100012,54.598289,11.487613,Under way using engine,0.0,8.9,200.0,200,Unknown,S0012,SYNTH LIMA,Cargo,Undefined,18,110,GPS,,SYNTHETIC,,AIS,79.2,30.8,9.0,9.0
25/08/2026 10:38:30,Class A,999100013,54.647181,11.202339,Under way using engine,0.0,5.5,340.0,340,Unknown,S0013,SYNTH MIKE,Tug,Undefined,10,30,GPS,,SYNTHETIC,,AIS,21.6,8.4,5.0,5.0
25/08/2026 10:38:30,Class A,999100014,54.449015,11.302537,Under way using engine,0.0,17.4,182.0,182,Unknown,S0014,SYNTH NOVEMBER,Passenger,Undefined,26,165,GPS,,SYNTHETIC,,AIS,118.8,46.2,13.0,13.0
25/08/2026 10:38:30,Class A,999100015,54.465407,11.334648,Under way using engine,0.0,11.9,250.0,250,Unknown,S0015,SYNTH OSCAR,Cargo,Undefined,31,205,GPS,,SYNTHETIC,,AIS,147.6,57.4,15.5,15.5
25/08/2026 10:38:30,Class A,999100016,54.490222,11.278888,Under way using engine,0.0,10.2,70.0,70,Unknown,S0016,SYNTH PAPA,Tanker,Undefined,27,175,GPS,,SYNTHETIC,,AIS,126.0,49.0,13.5,13.5
25/08/2026 10:38:40,Class A,999100001,54.586163,11.327671,Under way using engine,0.0,12.4,68.0,68,Unknown,S0001,SYNTH ALPHA,Cargo,Undefined,28,180,GPS,,SYNTHETIC,,AIS,129.6,50.4,14.0,14.0
25/08/2026 10:38:40,Class A,999100002,54.587578,11.302621,Under way using engine,0.0,11.1,247.0,247,Unknown,S0002,SYNTH BRAVO,Tanker,Undefined,32,228,GPS,,SYNTHETIC,,AIS,164.2,63.8,16.0,16.0
25/08/2026 10:38:40,Class A,999100003,54.573667,11.350411,Under way using engine,0.0,9.8,71.0,71,Unknown,S0003,SYNTH CHARLIE,Cargo,Undefined,16,96,GPS,,SYNTHETIC,,AIS,69.1,26.9,8.0,8.0
25/08/2026 10:38:40,Class A,999100004,54.567397,11.277612,Under way using engine,0.0,16.2,195.0,195,Unknown,S0004,SYNTH DELTA,Passenger,Undefined,24,142,GPS,,SYNTHETIC,,AIS,102.2,39.8,12.0,12.0
25/08/2026 10:38:40,Class A,999100005,54.597886,11.339665,Under way using engine,0.0,6.4,310.0,310,Unknown,S0005,SYNTH ECHO,Fishing,Undefined,7,26,GPS,,SYNTHETIC,,AIS,18.7,7.3,3.5,3.5
25/08/2026 10:38:40,Class A,999100006,54.580500,11.322659,At anchor,0.0,0.4,90.0,90,Unknown,S0006,SYNTH FOXTROT,Tug,Undefined,11,34,GPS,,SYNTHETIC,,AIS,24.5,9.5,5.5,5.5
25/08/2026 10:38:40,Class A,999100007,54.606432,11.321080,Under way using engine,0.0,13.7,64.0,64,Unknown,S0007,SYNTH GOLF,Tanker,Undefined,42,245,GPS,,SYNTHETIC,,AIS,176.4,68.6,21.0,21.0
25/08/2026 10:38:40,Class A,999100008,54.577549,11.336427,Under way using engine,0.0,3.1,150.0,150,Unknown,S0008,SYNTH HOTEL,Fishing,Undefined,6,22,GPS,,SYNTHETIC,,AIS,15.8,6.2,3.0,3.0
25/08/2026 10:38:40,Class A,999100009,54.615881,11.193548,Under way using engine,0.0,10.5,88.0,88,Unknown,S0009,SYNTH INDIA,Cargo,Undefined,23,155,GPS,,SYNTHETIC,,AIS,111.6,43.4,11.5,11.5
25/08/2026 10:38:40,Class A,999100010,54.620927,11.476905,Under way using engine,0.0,12.8,268.0,268,Unknown,S0010,SYNTH JULIET,Tanker,Undefined,30,190,GPS,,SYNTHETIC,,AIS,136.8,53.2,15.0,15.0
25/08/2026 10:38:40,Class A,999100011,54.639749,11.179513,Under way using engine,0.0,4.2,15.0,15,Unknown,S0011,SYNTH KILO,Fishing,Undefined,6,19,GPS,,SYNTHETIC,,AIS,13.7,5.3,3.0,3.0
25/08/2026 10:38:40,Class A,999100012,54.597902,11.487370,Under way using engine,0.0,8.9,200.0,200,Unknown,S0012,SYNTH LIMA,Cargo,Undefined,18,110,GPS,,SYNTHETIC,,AIS,79.2,30.8,9.0,9.0
25/08/2026 10:38:40,Class A,999100013,54.647420,11.202189,Under way using engine,0.0,5.5,340.0,340,Unknown,S0013,SYNTH MIKE,Tug,Undefined,10,30,GPS,,SYNTHETIC,,AIS,21.6,8.4,5.0,5.0
25/08/2026 10:38:40,Class A,999100014,54.448212,11.302489,Under way using engine,0.0,17.4,182.0,182,Unknown,S0014,SYNTH NOVEMBER,Passenger,Undefined,26,165,GPS,,SYNTHETIC,,AIS,118.8,46.2,13.0,13.0
25/08/2026 10:38:40,Class A,999100015,54.465219,11.333759,Under way using engine,0.0,11.9,250.0,250,Unknown,S0015,SYNTH OSCAR,Cargo,Undefined,31,205,GPS,,SYNTHETIC,,AIS,147.6,57.4,15.5,15.5
25/08/2026 10:38:40,Class A,999100016,54.490383,11.279651,Under way using engine,0.0,10.2,70.0,70,Unknown,S0016,SYNTH PAPA,Tanker,Undefined,27,175,GPS,,SYNTHETIC,,AIS,126.0,49.0,13.5,13.5
25/08/2026 10:38:50,Class A,999100001,54.586377,11.328588,Under way using engine,0.0,12.4,68.0,68,Unknown,S0001,SYNTH ALPHA,Cargo,Undefined,28,180,GPS,,SYNTHETIC,,AIS,129.6,50.4,14.0,14.0
25/08/2026 10:38:50,Class A,999100002,54.587377,11.301806,Under way using engine,0.0,11.1,247.0,247,Unknown,S0002,SYNTH BRAVO,Tanker,Undefined,32,228,GPS,,SYNTHETIC,,AIS,164.2,63.8,16.0,16.0
25/08/2026 10:38:50,Class A,999100003,54.573815,11.351149,Under way using engine,0.0,9.8,71.0,71,Unknown,S0003,SYNTH CHARLIE,Cargo,Undefined,16,96,GPS,,SYNTHETIC,,AIS,69.1,26.9,8.0,8.0
25/08/2026 10:38:50,Class A,999100004,54.566673,11.277278,Under way using engine,0.0,16.2,195.0,195,Unknown,S0004,SYNTH DELTA,Passenger,Undefined,24,142,GPS,,SYNTHETIC,,AIS,102.2,39.8,12.0,12.0
25/08/2026 10:38:50,Class A,999100005,54.598076,11.339274,Under way using engine,0.0,6.4,310.0,310,Unknown,S0005,SYNTH ECHO,Fishing,Undefined,7,26,GPS,,SYNTHETIC,,AIS,18.7,7.3,3.5,3.5
25/08/2026 10:38:50,Class A,999100006,54.580500,11.322690,At anchor,0.0,0.4,90.0,90,Unknown,S0006,SYNTH FOXTROT,Tug,Undefined,11,34,GPS,,SYNTHETIC,,AIS,24.5,9.5,5.5,5.5
25/08/2026 10:38:50,Class A,999100007,54.606710,11.322062,Under way using engine,0.0,13.7,64.0,64,Unknown,S0007,SYNTH GOLF,Tanker,Undefined,42,245,GPS,,SYNTHETIC,,AIS,176.4,68.6,21.0,21.0
25/08/2026 10:38:50,Class A,999100008,54.577424,11.336551,Under way using engine,0.0,3.1,150.0,150,Unknown,S0008,SYNTH HOTEL,Fishing,Undefined,6,22,GPS,,SYNTHETIC,,AIS,15.8,6.2,3.0,3.0
25/08/2026 10:38:50,Class A,999100009,54.615898,11.194385,Under way using engine,0.0,10.5,88.0,88,Unknown,S0009,SYNTH INDIA,Cargo,Undefined,23,155,GPS,,SYNTHETIC,,AIS,111.6,43.4,11.5,11.5
25/08/2026 10:38:50,Class A,999100010,54.620906,11.475884,Under way using engine,0.0,12.8,268.0,268,Unknown,S0010,SYNTH JULIET,Tanker,Undefined,30,190,GPS,,SYNTHETIC,,AIS,136.8,53.2,15.0,15.0
25/08/2026 10:38:50,Class A,999100011,54.639937,11.179600,Under way using engine,0.0,4.2,15.0,15,Unknown,S0011,SYNTH KILO,Fishing,Undefined,6,19,GPS,,SYNTHETIC,,AIS,13.7,5.3,3.0,3.0
25/08/2026 10:38:50,Class A,999100012,54.597516,11.487127,Under way using engine,0.0,8.9,200.0,200,Unknown,S0012,SYNTH LIMA,Cargo,Undefined,18,110,GPS,,SYNTHETIC,,AIS,79.2,30.8,9.0,9.0
25/08/2026 10:38:50,Class A,999100013,54.647659,11.202038,Under way using engine,0.0,5.5,340.0,340,Unknown,S0013,SYNTH MIKE,Tug,Undefined,10,30,GPS,,SYNTHETIC,,AIS,21.6,8.4,5.0,5.0
25/08/2026 10:38:50,Class A,999100014,54.447408,11.302441,Under way using engine,0.0,17.4,182.0,182,Unknown,S0014,SYNTH NOVEMBER,Passenger,Undefined,26,165,GPS,,SYNTHETIC,,AIS,118.8,46.2,13.0,13.0
25/08/2026 10:38:50,Class A,999100015,54.465031,11.332869,Under way using engine,0.0,11.9,250.0,250,Unknown,S0015,SYNTH OSCAR,Cargo,Undefined,31,205,GPS,,SYNTHETIC,,AIS,147.6,57.4,15.5,15.5
25/08/2026 10:38:50,Class A,999100016,54.490545,11.280413,Under way using engine,0.0,10.2,70.0,70,Unknown,S0016,SYNTH PAPA,Tanker,Undefined,27,175,GPS,,SYNTHETIC,,AIS,126.0,49.0,13.5,13.5
25/08/2026 10:39:00,Class A,999100001,54.586592,11.329505,Under way using engine,0.0,12.4,68.0,68,Unknown,S0001,SYNTH ALPHA,Cargo,Undefined,28,180,GPS,,SYNTHETIC,,AIS,129.6,50.4,14.0,14.0
25/08/2026 10:39:00,Class A,999100002,54.587177,11.300991,Under way using engine,0.0,11.1,247.0,247,Unknown,S0002,SYNTH BRAVO,Tanker,Undefined,32,228,GPS,,SYNTHETIC,,AIS,164.2,63.8,16.0,16.0
25/08/2026 10:39:00,Class A,999100003,54.573962,11.351888,Under way using engine,0.0,9.8,71.0,71,Unknown,S0003,SYNTH CHARLIE,Cargo,Undefined,16,96,GPS,,SYNTHETIC,,AIS,69.1,26.9,8.0,8.0
25/08/2026 10:39:00,Class A,999100004,54.565950,11.276944,Under way using engine,0.0,16.2,195.0,195,Unknown,S0004,SYNTH DELTA,Passenger,Undefined,24,142,GPS,,SYNTHETIC,,AIS,102.2,39.8,12.0,12.0
25/08/2026 10:39:00,Class A,999100005,54.598266,11.338883,Under way using engine,0.0,6.4,310.0,310,Unknown,S0005,SYNTH ECHO,Fishing,Undefined,7,26,GPS,,SYNTHETIC,,AIS,18.7,7.3,3.5,3.5
25/08/2026 10:39:00,Class A,999100006,54.580500,11.322722,At anchor,0.0,0.4,90.0,90,Unknown,S0006,SYNTH FOXTROT,Tug,Undefined,11,34,GPS,,SYNTHETIC,,AIS,24.5,9.5,5.5,5.5
25/08/2026 10:39:00,Class A,999100007,54.606987,11.323045,Under way using engine,0.0,13.7,64.0,64,Unknown,S0007,SYNTH GOLF,Tanker,Undefined,42,245,GPS,,SYNTHETIC,,AIS,176.4,68.6,21.0,21.0
25/08/2026 10:39:00,Class A,999100008,54.577300,11.336674,Under way using engine,0.0,3.1,150.0,150,Unknown,S0008,SYNTH HOTEL,Fishing,Undefined,6,22,GPS,,SYNTHETIC,,AIS,15.8,6.2,3.0,3.0
25/08/2026 10:39:00,Class A,999100009,54.615914,11.195223,Under way using engine,0.0,10.5,88.0,88,Unknown,S0009,SYNTH INDIA,Cargo,Undefined,23,155,GPS,,SYNTHETIC,,AIS,111.6,43.4,11.5,11.5
25/08/2026 10:39:00,Class A,999100010,54.620885,11.474863,Under way using engine,0.0,12.8,268.0,268,Unknown,S0010,SYNTH JULIET,Tanker,Undefined,30,190,GPS,,SYNTHETIC,,AIS,136.8,53.2,15.0,15.0
25/08/2026 10:39:00,Class A,999100011,54.640124,11.179687,Under way using engine,0.0,4.2,15.0,15,Unknown,S0011,SYNTH KILO,Fishing,Undefined,6,19,GPS,,SYNTHETIC,,AIS,13.7,5.3,3.0,3.0
25/08/2026 10:39:00,Class A,999100012,54.597129,11.486884,Under way using engine,0.0,8.9,200.0,200,Unknown,S0012,SYNTH LIMA,Cargo,Undefined,18,110,GPS,,SYNTHETIC,,AIS,79.2,30.8,9.0,9.0
25/08/2026 10:39:00,Class A,999100013,54.647898,11.201888,Under way using engine,0.0,5.5,340.0,340,Unknown,S0013,SYNTH MIKE,Tug,Undefined,10,30,GPS,,SYNTHETIC,,AIS,21.6,8.4,5.0,5.0
25/08/2026 10:39:00,Class A,999100014,54.446605,11.302392,Under way using engine,0.0,17.4,182.0,182,Unknown,S0014,SYNTH NOVEMBER,Passenger,Undefined,26,165,GPS,,SYNTHETIC,,AIS,118.8,46.2,13.0,13.0
25/08/2026 10:39:00,Class A,999100015,54.464843,11.331980,Under way using engine,0.0,11.9,250.0,250,Unknown,S0015,SYNTH OSCAR,Cargo,Undefined,31,205,GPS,,SYNTHETIC,,AIS,147.6,57.4,15.5,15.5
25/08/2026 10:39:00,Class A,999100016,54.490706,11.281176,Under way using engine,0.0,10.2,70.0,70,Unknown,S0016,SYNTH PAPA,Tanker,Undefined,27,175,GPS,,SYNTHETIC,,AIS,126.0,49.0,13.5,13.5
25/08/2026 10:39:10,Class A,999100001,54.586807,11.330422,Under way using engine,0.0,12.4,68.0,68,Unknown,S0001,SYNTH ALPHA,Cargo,Undefined,28,180,GPS,,SYNTHETIC,,AIS,129.6,50.4,14.0,14.0
25/08/2026 10:39:10,Class A,999100002,54.586976,11.300176,Under way using engine,0.0,11.1,247.0,247,Unknown,S0002,SYNTH BRAVO,Tanker,Undefined,32,228,GPS,,SYNTHETIC,,AIS,164.2,63.8,16.0,16.0
25/08/2026 10:39:10,Class A,999100003,54.574110,11.352627,Under way using engine,0.0,9.8,71.0,71,Unknown,S0003,SYNTH CHARLIE,Cargo,Undefined,16,96,GPS,,SYNTHETIC,,AIS,69.1,26.9,8.0,8.0
25/08/2026 10:39:10,Class A,999100004,54.565227,11.276609,Under way using engine,0.0,16.2,195.0,195,Unknown,S0004,SYNTH DELTA,Passenger,Undefined,24,142,GPS,,SYNTHETIC,,AIS,102.2,39.8,12.0,12.0
25/08/2026 10:39:10,Class A,999100005,54.598456,11.338492,Under way using engine,0.0,6.4,310.0,310,Unknown,S0005,SYNTH ECHO,Fishing,Undefined,7,26,GPS,,SYNTHETIC,,AIS,18.7,7.3,3.5,3.5
25/08/2026 10:39:10,Class A,999100006,54.580500,11.322754,At anchor,0.0,0.4,90.0,90,Unknown,S0006,SYNTH FOXTROT,Tug,Undefined,11,34,GPS,,SYNTHETIC,,AIS,24.5,9.5,5.5,5.5
25/08/2026 10:39:10,Class A,999100007,54.607265,11.324027,Under way using engine,0.0,13.7,64.0,64,Unknown,S0007,SYNTH GOLF,Tanker,Undefined,42,245,GPS,,SYNTHETIC,,AIS,176.4,68.6,21.0,21.0
25/08/2026 10:39:10,Class A,999100008,54.577176,11.336798,Under way using engine,0.0,3.1,150.0,150,Unknown,S0008,SYNTH HOTEL,Fishing,Undefined,6,22,GPS,,SYNTHETIC,,AIS,15.8,6.2,3.0,3.0
25/08/2026 10:39:10,Class A,999100009,54.615931,11.196060,Under way using engine,0.0,10.5,88.0,88,Unknown,S0009,SYNTH INDIA,Cargo,Undefined,23,155,GPS,,SYNTHETIC,,AIS,111.6,43.4,11.5,11.5
25/08/2026 10:39:10,Class A,999100010,54.620865,11.473842,Under way using engine,0.0,12.8,268.0,268,Unknown,S0010,SYNTH JULIET,Tanker,Undefined,30,190,GPS,,SYNTHETIC,,AIS,136.8,53.2,15.0,15.0
25/08/2026 10:39:10,Class A,999100011,54.640311,11.179774,Under way using engine,0.0,4.2,15.0,15,Unknown,S0011,SYNTH KILO,Fishing,Undefined,6,19,GPS,,SYNTHETIC,,AIS,13.7,5.3,3.0,3.0
25/08/2026 10:39:10,Class A,999100012,54.596743,11.486641,Under way using engine,0.0,8.9,200.0,200,Unknown,S0012,SYNTH LIMA,Cargo,Undefined,18,110,GPS,,SYNTHETIC,,AIS,79.2,30.8,9.0,9.0
25/08/2026 10:39:10,Class A,999100013,54.648136,11.201738,Under way using engine,0.0,5.5,340.0,340,Unknown,S0013,SYNTH MIKE,Tug,Undefined,10,30,GPS,,SYNTHETIC,,AIS,21.6,8.4,5.0,5.0
25/08/2026 10:39:10,Class A,999100014,54.445801,11.302344,Under way using engine,0.0,17.4,182.0,182,Unknown,S0014,SYNTH NOVEMBER,Passenger,Undefined,26,165,GPS,,SYNTHETIC,,AIS,118.8,46.2,13.0,13.0
25/08/2026 10:39:10,Class A,999100015,54.464655,11.331091,Under way using engine,0.0,11.9,250.0,250,Unknown,S0015,SYNTH OSCAR,Cargo,Undefined,31,205,GPS,,SYNTHETIC,,AIS,147.6,57.4,15.5,15.5
25/08/2026 10:39:10,Class A,999100016,54.490867,11.281939,Under way using engine,0.0,10.2,70.0,70,Unknown,S0016,SYNTH PAPA,Tanker,Undefined,27,175,GPS,,SYNTHETIC,,AIS,126.0,49.0,13.5,13.5
25/08/2026 10:39:20,Class A,999100001,54.587021,11.331339,Under way using engine,0.0,12.4,68.0,68,Unknown,S0001,SYNTH ALPHA,Cargo,Undefined,28,180,GPS,,SYNTHETIC,,AIS,129.6,50.4,14.0,14.0
25/08/2026 10:39:20,Class A,999100002,54.586776,11.299361,Under way using engine,0.0,11.1,247.0,247,Unknown,S0002,SYNTH BRAVO,Tanker,Undefined,32,228,GPS,,SYNTHETIC,,AIS,164.2,63.8,16.0,16.0
25/08/2026 10:39:20,Class A,999100003,54.574257,11.353366,Under way using engine,0.0,9.8,71.0,71,Unknown,S0003,SYNTH CHARLIE,Cargo,Undefined,16,96,GPS,,SYNTHETIC,,AIS,69.1,26.9,8.0,8.0
25/08/2026 10:39:20,Class A,999100004,54.564504,11.276275,Under way using engine,0.0,16.2,195.0,195,Unknown,S0004,SYNTH DELTA,Passenger,Undefined,24,142,GPS,,SYNTHETIC,,AIS,102.2,39.8,12.0,12.0
25/08/2026 10:39:20,Class A,999100005,54.598646,11.338101,Under way using engine,0.0,6.4,310.0,310,Unknown,S0005,SYNTH ECHO,Fishing,Undefined,7,26,GPS,,SYNTHETIC,,AIS,18.7,7.3,3.5,3.5
25/08/2026 10:39:20,Class A,999100006,54.580500,11.322786,At anchor,0.0,0.4,90.0,90,Unknown,S0006,SYNTH FOXTROT,Tug,Undefined,11,34,GPS,,SYNTHETIC,,AIS,24.5,9.5,5.5,5.5
25/08/2026 10:39:20,Class A,999100007,54.607542,11.325010,Under way using engine,0.0,13.7,64.0,64,Unknown,S0007,SYNTH GOLF,Tanker,Undefined,42,245,GPS,,SYNTHETIC,,AIS,176.4,68.6,21.0,21.0
25/08/2026 10:39:20,Class A,999100008,54.577052,11.336921,Under way using engine,0.0,3.1,150.0,150,Unknown,S0008,SYNTH HOTEL,Fishing,Undefined,6,22,GPS,,SYNTHETIC,,AIS,15.8,6.2,3.0,3.0
25/08/2026 10:39:20,Class A,999100009,54.615948,11.196898,Under way using engine,0.0,10.5,88.0,88,Unknown,S0009,SYNTH INDIA,Cargo,Undefined,23,155,GPS,,SYNTHETIC,,AIS,111.6,43.4,11.5,11.5
25/08/2026 10:39:20,Class A,999100010,54.620844,11.472821,Under way using engine,0.0,12.8,268.0,268,Unknown,S0010,SYNTH JULIET,Tanker,Undefined,30,190,GPS,,SYNTHETIC,,AIS,136.8,53.2,15.0,15.0
25/08/2026 10:39:20,Class A,999100011,54.640499,11.179861,Under way using engine,0.0,4.2,15.0,15,Unknown,S0011,SYNTH KILO,Fishing,Undefined,6,19,GPS,,SYNTHETIC,,AIS,13.7,5.3,3.0,3.0
25/08/2026 10:39:20,Class A,999100012,54.596356,11.486399,Under way using engine,0.0,8.9,200.0,200,Unknown,S0012,SYNTH LIMA,Cargo,Undefined,18,110,GPS,,SYNTHETIC,,AIS,79.2,30.8,9.0,9.0
25/08/2026 10:39:20,Class A,999100013,54.648375,11.201588,Under way using engine,0.0,5.5,340.0,340,Unknown,S0013,SYNTH MIKE,Tug,Undefined,10,30,GPS,,SYNTHETIC,,AIS,21.6,8.4,5.0,5.0
25/08/2026 10:39:20,Class A,999100014,54.444997,11.302296,Under way using engine,0.0,17.4,182.0,182,Unknown,S0014,SYNTH NOVEMBER,Passenger,Undefined,26,165,GPS,,SYNTHETIC,,AIS,118.8,46.2,13.0,13.0
25/08/2026 10:39:20,Class A,999100015,54.464467,11.330202,Under way using engine,0.0,11.9,250.0,250,Unknown,S0015,SYNTH OSCAR,Cargo,Undefined,31,205,GPS,,SYNTHETIC,,AIS,147.6,57.4,15.5,15.5
25/08/2026 10:39:20,Class A,999100016,54.491028,11.282701,Under way using engine,0.0,10.2,70.0,70,Unknown,S0016,SYNTH PAPA,Tanker,Undefined,27,175,GPS,,SYNTHETIC,,AIS,126.0,49.0,13.5,13.5
25/08/2026 10:39:30,Class A,999100001,54.587236,11.332256,Under way using engine,0.0,12.4,68.0,68,Unknown,S0001,SYNTH ALPHA,Cargo,Undefined,28,180,GPS,,SYNTHETIC,,AIS,129.6,50.4,14.0,14.0
25/08/2026 10:39:30,Class A,999100002,54.586575,11.298547,Under way using engine,0.0,11.1,247.0,247,Unknown,S0002,SYNTH BRAVO,Tanker,Undefined,32,228,GPS,,SYNTHETIC,,AIS,164.2,63.8,16.0,16.0
25/08/2026 10:39:30,Class A,999100003,54.574404,11.354104,Under way using engine,0.0,9.8,71.0,71,Unknown,S0003,SYNTH CHARLIE,Cargo,Undefined,16,96,GPS,,SYNTHETIC,,AIS,69.1,26.9,8.0,8.0
25/08/2026 10:39:30,Class A,999100004,54.563781,11.275941,Under way using engine,0.0,16.2,195.0,195,Unknown,S0004,SYNTH DELTA,Passenger,Undefined,24,142,GPS,,SYNTHETIC,,AIS,102.2,39.8,12.0,12.0
25/08/2026 10:39:30,Class A,999100005,54.598836,11.337710,Under way using engine,0.0,6.4,310.0,310,Unknown,S0005,SYNTH ECHO,Fishing,Undefined,7,26,GPS,,SYNTHETIC,,AIS,18.7,7.3,3.5,3.5
25/08/2026 10:39:30,Class A,999100006,54.580500,11.322818,At anchor,0.0,0.4,90.0,90,Unknown,S0006,SYNTH FOXTROT,Tug,Undefined,11,34,GPS,,SYNTHETIC,,AIS,24.5,9.5,5.5,5.5
25/08/2026 10:39:30,Class A,999100007,54.607820,11.325992,Under way using engine,0.0,13.7,64.0,64,Unknown,S0007,SYNTH GOLF,Tanker,Undefined,42,245,GPS,,SYNTHETIC,,AIS,176.4,68.6,21.0,21.0
25/08/2026 10:39:30,Class A,999100008,54.576928,11.337045,Under way using engine,0.0,3.1,150.0,150,Unknown,S0008,SYNTH HOTEL,Fishing,Undefined,6,22,GPS,,SYNTHETIC,,AIS,15.8,6.2,3.0,3.0
25/08/2026 10:39:30,Class A,999100009,54.615965,11.197735,Under way using engine,0.0,10.5,88.0,88,Unknown,S0009,SYNTH INDIA,Cargo,Undefined,23,155,GPS,,SYNTHETIC,,AIS,111.6,43.4,11.5,11.5
25/08/2026 10:39:30,Class A,999100010,54.620823,11.471800,Under way using engine,0.0,12.8,268.0,268,Unknown,S0010,SYNTH JULIET,Tanker,Undefined,30,190,GPS,,SYNTHETIC,,AIS,136.8,53.2,15.0,15.0
25/08/2026 10:39:30,Class A,999100011,54.640686,11.179947,Under way using engine,0.0,4.2,15.0,15,Unknown,S0011,SYNTH KILO,Fishing,Undefined,6,19,GPS,,SYNTHETIC,,AIS,13.7,5.3,3.0,3.0
25/08/2026 10:39:30,Class A,999100012,54.595970,11.486156,Under way using engine,0.0,8.9,200.0,200,Unknown,S0012,SYNTH LIMA,Cargo,Undefined,18,110,GPS,,SYNTHETIC,,AIS,79.2,30.8,9.0,9.0
25/08/2026 10:39:30,Class A,999100013,54.648614,11.201437,Under way using engine,0.0,5.5,340.0,340,Unknown,S0013,SYNTH MIKE,Tug,Undefined,10,30,GPS,,SYNTHETIC,,AIS,21.6,8.4,5.0,5.0
25/08/2026 10:39:30,Class A,999100014,54.444194,11.302248,Under way using engine,0.0,17.4,182.0,182,Unknown,S0014,SYNTH NOVEMBER,Passenger,Undefined,26,165,GPS,,SYNTHETIC,,AIS,118.8,46.2,13.0,13.0
25/08/2026 10:39:30,Class A,999100015,54.464279,11.329313,Under way using engine,0.0,11.9,250.0,250,Unknown,S0015,SYNTH OSCAR,Cargo,Undefined,31,205,GPS,,SYNTHETIC,,AIS,147.6,57.4,15.5,15.5
25/08/2026 10:39:30,Class A,999100016,54.491189,11.283464,Under way using engine,0.0,10.2,70.0,70,Unknown,S0016,SYNTH PAPA,Tanker,Undefined,27,175,GPS,,SYNTHETIC,,AIS,126.0,49.0,13.5,13.5
25/08/2026 10:39:40,Class A,999100001,54.587451,11.333173,Under way using engine,0.0,12.4,68.0,68,Unknown,S0001,SYNTH ALPHA,Cargo,Undefined,28,180,GPS,,SYNTHETIC,,AIS,129.6,50.4,14.0,14.0
25/08/2026 10:39:40,Class A,999100002,54.586375,11.297732,Under way using engine,0.0,11.1,247.0,247,Unknown,S0002,SYNTH BRAVO,Tanker,Undefined,32,228,GPS,,SYNTHETIC,,AIS,164.2,63.8,16.0,16.0
25/08/2026 10:39:40,Class A,999100003,54.574552,11.354843,Under way using engine,0.0,9.8,71.0,71,Unknown,S0003,SYNTH CHARLIE,Cargo,Undefined,16,96,GPS,,SYNTHETIC,,AIS,69.1,26.9,8.0,8.0
25/08/2026 10:39:40,Class A,999100004,54.563058,11.275607,Under way using engine,0.0,16.2,195.0,195,Unknown,S0004,SYNTH DELTA,Passenger,Undefined,24,142,GPS,,SYNTHETIC,,AIS,102.2,39.8,12.0,12.0
25/08/2026 10:39:40,Class A,999100005,54.599027,11.337319,Under way using engine,0.0,6.4,310.0,310,Unknown,S0005,SYNTH ECHO,Fishing,Undefined,7,26,GPS,,SYNTHETIC,,AIS,18.7,7.3,3.5,3.5
25/08/2026 10:39:40,Class A,999100006,54.580500,11.322850,At anchor,0.0,0.4,90.0,90,Unknown,S0006,SYNTH FOXTROT,Tug,Undefined,11,34,GPS,,SYNTHETIC,,AIS,24.5,9.5,5.5,5.5
25/08/2026 10:39:40,Class A,999100007,54.608097,11.326975,Under way using engine,0.0,13.7,64.0,64,Unknown,S0007,SYNTH GOLF,Tanker,Undefined,42,245,GPS,,SYNTHETIC,,AIS,176.4,68.6,21.0,21.0
25/08/2026 10:39:40,Class A,999100008,54.576804,11.337168,Under way using engine,0.0,3.1,150.0,150,Unknown,S0008,SYNTH HOTEL,Fishing,Undefined,6,22,GPS,,SYNTHETIC,,AIS,15.8,6.2,3.0,3.0
25/08/2026 10:39:40,Class A,999100009,54.615982,11.198573,Under way using engine,0.0,10.5,88.0,88,Unknown,S0009,SYNTH INDIA,Cargo,Undefined,23,155,GPS,,SYNTHETIC,,AIS,111.6,43.4,11.5,11.5
25/08/2026 10:39:40,Class A,999100010,54.620803,11.470779,Under way using engine,0.0,12.8,268.0,268,Unknown,S0010,SYNTH JULIET,Tanker,Undefined,30,190,GPS,,SYNTHETIC,,AIS,136.8,53.2,15.0,15.0
25/08/2026 10:39:40,Class A,999100011,54.640874,11.180034,Under way using engine,0.0,4.2,15.0,15,Unknown,S0011,SYNTH KILO,Fishing,Undefined,6,19,GPS,,SYNTHETIC,,AIS,13.7,5.3,3.0,3.0
25/08/2026 10:39:40,Class A,999100012,54.595583,11.485913,Under way using engine,0.0,8.9,200.0,200,Unknown,S0012,SYNTH LIMA,Cargo,Undefined,18,110,GPS,,SYNTHETIC,,AIS,79.2,30.8,9.0,9.0
25/08/2026 10:39:40,Class A,999100013,54.648853,11.201287,Under way using engine,0.0,5.5,340.0,340,Unknown,S0013,SYNTH MIKE,Tug,Undefined,10,30,GPS,,SYNTHETIC,,AIS,21.6,8.4,5.0,5.0
25/08/2026 10:39:40,Class A,999100014,54.443390,11.302199,Under way using engine,0.0,17.4,182.0,182,Unknown,S0014,SYNTH NOVEMBER,Passenger,Undefined,26,165,GPS,,SYNTHETIC,,AIS,118.8,46.2,13.0,13.0
25/08/2026 10:39:40,Class A,999100015,54.464091,11.328424,Under way using engine,0.0,11.9,250.0,250,Unknown,S0015,SYNTH OSCAR,Cargo,Undefined,31,205,GPS,,SYNTHETIC,,AIS,147.6,57.4,15.5,15.5
25/08/2026 10:39:40,Class A,999100016,54.491351,11.284226,Under way using engine,0.0,10.2,70.0,70,Unknown,S0016,SYNTH PAPA,Tanker,Undefined,27,175,GPS,,SYNTHETIC,,AIS,126.0,49.0,13.5,13.5
25/08/2026 10:39:50,Class A,999100001,54.587665,11.334090,Under way using engine,0.0,12.4,68.0,68,Unknown,S0001,SYNTH ALPHA,Cargo,Undefined,28,180,GPS,,SYNTHETIC,,AIS,129.6,50.4,14.0,14.0
25/08/2026 10:39:50,Class A,999100002,54.586175,11.296917,Under way using engine,0.0,11.1,247.0,247,Unknown,S0002,SYNTH BRAVO,Tanker,Undefined,32,228,GPS,,SYNTHETIC,,AIS,164.2,63.8,16.0,16.0
25/08/2026 10:39:50,Class A,999100003,54.574699,11.355582,Under way using engine,0.0,9.8,71.0,71,Unknown,S0003,SYNTH CHARLIE,Cargo,Undefined,16,96,GPS,,SYNTHETIC,,AIS,69.1,26.9,8.0,8.0
25/08/2026 10:39:50,Class A,999100004,54.562335,11.275273,Under way using engine,0.0,16.2,195.0,195,Unknown,S0004,SYNTH DELTA,Passenger,Undefined,24,142,GPS,,SYNTHETIC,,AIS,102.2,39.8,12.0,12.0
25/08/2026 10:39:50,Class A,999100005,54.599217,11.336928,Under way using engine,0.0,6.4,310.0,310,Unknown,S0005,SYNTH ECHO,Fishing,Undefined,7,26,GPS,,SYNTHETIC,,AIS,18.7,7.3,3.5,3.5
25/08/2026 10:39:50,Class A,999100006,54.580500,11.322882,At anchor,0.0,0.4,90.0,90,Unknown,S0006,SYNTH FOXTROT,Tug,Undefined,11,34,GPS,,SYNTHETIC,,AIS,24.5,9.5,5.5,5.5
25/08/2026 10:39:50,Class A,999100007,54.608375,11.327957,Under way using engine,0.0,13.7,64.0,64,Unknown,S0007,SYNTH GOLF,Tanker,Undefined,42,245,GPS,,SYNTHETIC,,AIS,176.4,68.6,21.0,21.0
25/08/2026 10:39:50,Class A,999100008,54.576680,11.337292,Under way using engine,0.0,3.1,150.0,150,Unknown,S0008,SYNTH HOTEL,Fishing,Undefined,6,22,GPS,,SYNTHETIC,,AIS,15.8,6.2,3.0,3.0
25/08/2026 10:39:50,Class A,999100009,54.615999,11.199410,Under way using engine,0.0,10.5,88.0,88,Unknown,S0009,SYNTH INDIA,Cargo,Undefined,23,155,GPS,,SYNTHETIC,,AIS,111.6,43.4,11.5,11.5
25/08/2026 10:39:50,Class A,999100010,54.620782,11.469758,Under way using engine,0.0,12.8,268.0,268,Unknown,S0010,SYNTH JULIET,Tanker,Undefined,30,190,GPS,,SYNTHETIC,,AIS,136.8,53.2,15.0,15.0
25/08/2026 10:39:50,Class A,999100011,54.641061,11.180121,Under way using engine,0.0,4.2,15.0,15,Unknown,S0011,SYNTH KILO,Fishing,Undefined,6,19,GPS,,SYNTHETIC,,AIS,13.7,5.3,3.0,3.0
25/08/2026 10:39:50,Class A,999100012,54.595197,11.485670,Under way using engine,0.0,8.9,200.0,200,Unknown,S0012,SYNTH LIMA,Cargo,Undefined,18,110,GPS,,SYNTHETIC,,AIS,79.2,30.8,9.0,9.0
25/08/2026 10:39:50,Class A,999100013,54.649092,11.201137,Under way using engine,0.0,5.5,340.0,340,Unknown,S0013,SYNTH MIKE,Tug,Undefined,10,30,GPS,,SYNTHETIC,,AIS,21.6,8.4,5.0,5.0
25/08/2026 10:39:50,Class A,999100014,54.442587,11.302151,Under way using engine,0.0,17.4,182.0,182,Unknown,S0014,SYNTH NOVEMBER,Passenger,Undefined,26,165,GPS,,SYNTHETIC,,AIS,118.8,46.2,13.0,13.0
25/08/2026 10:39:50,Class A,999100015,54.463903,11.327535,Under way using engine,0.0,11.9,250.0,250,Unknown,S0015,SYNTH OSCAR,Cargo,Undefined,31,205,GPS,,SYNTHETIC,,AIS,147.6,57.4,15.5,15.5
25/08/2026 10:39:50,Class A,999100016,54.491512,11.284989,Under way using engine,0.0,10.2,70.0,70,Unknown,S0016,SYNTH PAPA,Tanker,Undefined,27,175,GPS,,SYNTHETIC,,AIS,126.0,49.0,13.5,13.5
25/08/2026 10:40:00,Class A,999100001,54.587880,11.335007,Under way using engine,0.0,12.4,68.0,68,Unknown,S0001,SYNTH ALPHA,Cargo,Undefined,28,180,GPS,,SYNTHETIC,,AIS,129.6,50.4,14.0,14.0
25/08/2026 10:40:00,Class A,999100002,54.585974,11.296102,Under way using engine,0.0,11.1,247.0,247,Unknown,S0002,SYNTH BRAVO,Tanker,Undefined,32,228,GPS,,SYNTHETIC,,AIS,164.2,63.8,16.0,16.0
25/08/2026 10:40:00,Class A,999100003,54.574847,11.356321,Under way using engine,0.0,9.8,71.0,71,Unknown,S0003,SYNTH CHARLIE,Cargo,Undefined,16,96,GPS,,SYNTHETIC,,AIS,69.1,26.9,8.0,8.0
25/08/2026 10:40:00,Class A,999100004,54.561611,11.274938,Under way using engine,0.0,16.2,195.0,195,Unknown,S0004,SYNTH DELTA,Passenger,Undefined,24,142,GPS,,SYNTHETIC,,AIS,102.2,39.8,12.0,12.0
25/08/2026 10:40:00,Class A,999100005,54.599407,11.336537,Under way using engine,0.0,6.4,310.0,310,Unknown,S0005,SYNTH ECHO,Fishing,Undefined,7,26,GPS,,SYNTHETIC,,AIS,18.7,7.3,3.5,3.5
25/08/2026 10:40:00,Class A,999100006,54.580500,11.322914,At anchor,0.0,0.4,90.0,90,Unknown,S0006,SYNTH FOXTROT,Tug,Undefined,11,34,GPS,,SYNTHETIC,,AIS,24.5,9.5,5.5,5.5
25/08/2026 10:40:00,Class A,999100007,54.608652,11.328940,Under way using engine,0.0,13.7,64.0,64,Unknown,S0007,SYNTH GOLF,Tanker,Undefined,42,245,GPS,,SYNTHETIC,,AIS,176.4,68.6,21.0,21.0
25/08/2026 10:40:00,Class A,999100008,54.576556,11.337416,Under way using engine,0.0,3.1,150.0,150,Unknown,S0008,SYNTH HOTEL,Fishing,Undefined,6,22,GPS,,SYNTHETIC,,AIS,15.8,6.2,3.0,3.0
25/08/2026 10:40:00,Class A,999100009,54.616016,11.200248,Under way using engine,0.0,10.5,88.0,88,Unknown,S0009,SYNTH INDIA,Cargo,Undefined,23,155,GPS,,SYNTHETIC,,AIS,111.6,43.4,11.5,11.5
25/08/2026 10:40:00,Class A,999100010,54.620761,11.468737,Under way using engine,0.0,12.8,268.0,268,Unknown,S0010,SYNTH JULIET,Tanker,Undefined,30,190,GPS,,SYNTHETIC,,AIS,136.8,53.2,15.0,15.0
25/08/2026 10:40:00,Class A,999100011,54.641249,11.180208,Under way using engine,0.0,4.2,15.0,15,Unknown,S0011,SYNTH KILO,Fishing,Undefined,6,19,GPS,,SYNTHETIC,,AIS,13.7,5.3,3.0,3.0
25/08/2026 10:40:00,Class A,999100012,54.594810,11.485427,Under way using engine,0.0,8.9,200.0,200,Unknown,S0012,SYNTH LIMA,Cargo,Undefined,18,110,GPS,,SYNTHETIC,,AIS,79.2,30.8,9.0,9.0
25/08/2026 10:40:00,Class A,999100013,54.649331,11.200987,Under way using engine,0.0,5.5,340.0,340,Unknown,S0013,SYNTH MIKE,Tug,Undefined,10,30,GPS,,SYNTHETIC,,AIS,21.6,8.4,5.0,5.0
25/08/2026 10:40:00,Class A,999100014,54.441783,11.302103,Under way using engine,0.0,17.4,182.0,182,Unknown,S0014,SYNTH NOVEMBER,Passenger,Undefined,26,165,GPS,,SYNTHETIC,,AIS,118.8,46.2,13.0,13.0
25/08/2026 10:40:00,Class A,999100015,54.463715,11.326646,Under way using engine,0.0,11.9,250.0,250,Unknown,S0015,SYNTH OSCAR,Cargo,Undefined,31,205,GPS,,SYNTHETIC,,AIS,147.6,57.4,15.5,15.5
25/08/2026 10:40:00,Class A,999100016,54.491673,11.285752,Under way using engine,0.0,10.2,70.0,70,Unknown,S0016,SYNTH PAPA,Tanker,Undefined,27,175,GPS,,SYNTHETIC,,AIS,126.0,49.0,13.5,13.5
